
CREATE DATABASE /*!32312 IF NOT EXISTS*/ `zroby_sam` /*!40100 DEFAULT CHARACTER SET utf8mb4 COLLATE utf8mb4_0900_ai_ci */ /*!80016 DEFAULT ENCRYPTION='N' */;

USE `zroby_sam`;
/*!40101 SET @saved_cs_client     = @@character_set_client */;
/*!50503 SET character_set_client = utf8mb4 */;
CREATE TABLE `ads` (
  `id` bigint unsigned NOT NULL AUTO_INCREMENT,
  `user_id` bigint unsigned NOT NULL,
  `title` varchar(255) COLLATE utf8mb4_unicode_ci NOT NULL,
  `description` text COLLATE utf8mb4_unicode_ci NOT NULL,
  `photo_path` varchar(255) COLLATE utf8mb4_unicode_ci DEFAULT NULL,
  `city` varchar(255) COLLATE utf8mb4_unicode_ci DEFAULT NULL,
  `posted_at` timestamp NULL DEFAULT NULL,
  `created_at` timestamp NULL DEFAULT NULL,
  `updated_at` timestamp NULL DEFAULT NULL,
  PRIMARY KEY (`id`),
  KEY `ads_user_id_foreign` (`user_id`),
  CONSTRAINT `ads_user_id_foreign` FOREIGN KEY (`user_id`) REFERENCES `users` (`id`) ON DELETE CASCADE
) ENGINE=InnoDB AUTO_INCREMENT=2 DEFAULT CHARSET=utf8mb4 COLLATE=utf8mb4_unicode_ci;
/*!40101 SET character_set_client = @saved_cs_client */;
INSERT INTO `ads` VALUES (1,1,'Тестовое объявление','Это тестовое объявление для проверки сидеров.','ads/test.jpg','Киев','2025-02-17 05:42:22','2025-02-17 05:42:22','2025-02-17 05:42:22');
/*!40101 SET @saved_cs_client     = @@character_set_client */;
/*!50503 SET character_set_client = utf8mb4 */;
CREATE TABLE `cache` (
  `key` varchar(255) COLLATE utf8mb4_unicode_ci NOT NULL,
  `value` mediumtext COLLATE utf8mb4_unicode_ci NOT NULL,
  `expiration` int NOT NULL,
  PRIMARY KEY (`key`)
) ENGINE=InnoDB DEFAULT CHARSET=utf8mb4 COLLATE=utf8mb4_unicode_ci;
/*!40101 SET character_set_client = @saved_cs_client */;
INSERT INTO `cache` VALUES ('d3ac35ea524ad7b569f95ffe3a7331fb','i:1;',1739973144),('d3ac35ea524ad7b569f95ffe3a7331fb:timer','i:1739973144;',1739973144);
/*!40101 SET @saved_cs_client     = @@character_set_client */;
/*!50503 SET character_set_client = utf8mb4 */;
CREATE TABLE `cache_locks` (
  `key` varchar(255) COLLATE utf8mb4_unicode_ci NOT NULL,
  `owner` varchar(255) COLLATE utf8mb4_unicode_ci NOT NULL,
  `expiration` int NOT NULL,
  PRIMARY KEY (`key`)
) ENGINE=InnoDB DEFAULT CHARSET=utf8mb4 COLLATE=utf8mb4_unicode_ci;
/*!40101 SET character_set_client = @saved_cs_client */;
/*!40101 SET @saved_cs_client     = @@character_set_client */;
/*!50503 SET character_set_client = utf8mb4 */;
CREATE TABLE `ch_favorites` (
  `id` char(36) COLLATE utf8mb4_unicode_ci NOT NULL,
  `user_id` bigint NOT NULL,
  `favorite_id` bigint NOT NULL,
  `created_at` timestamp NULL DEFAULT NULL,
  `updated_at` timestamp NULL DEFAULT NULL,
  PRIMARY KEY (`id`)
) ENGINE=InnoDB DEFAULT CHARSET=utf8mb4 COLLATE=utf8mb4_unicode_ci;
/*!40101 SET character_set_client = @saved_cs_client */;
/*!40101 SET @saved_cs_client     = @@character_set_client */;
/*!50503 SET character_set_client = utf8mb4 */;
CREATE TABLE `ch_messages` (
  `id` char(36) COLLATE utf8mb4_unicode_ci NOT NULL,
  `from_id` bigint NOT NULL,
  `to_id` bigint NOT NULL,
  `body` varchar(5000) COLLATE utf8mb4_unicode_ci DEFAULT NULL,
  `attachment` varchar(255) COLLATE utf8mb4_unicode_ci DEFAULT NULL,
  `seen` tinyint(1) NOT NULL DEFAULT '0',
  `created_at` timestamp NULL DEFAULT NULL,
  `updated_at` timestamp NULL DEFAULT NULL,
  PRIMARY KEY (`id`)
) ENGINE=InnoDB DEFAULT CHARSET=utf8mb4 COLLATE=utf8mb4_unicode_ci;
/*!40101 SET character_set_client = @saved_cs_client */;
/*!40101 SET @saved_cs_client     = @@character_set_client */;
/*!50503 SET character_set_client = utf8mb4 */;
CREATE TABLE `chat_conversations` (
  `id` bigint unsigned NOT NULL AUTO_INCREMENT,
  `private` tinyint(1) NOT NULL DEFAULT '1',
  `direct_message` tinyint(1) NOT NULL DEFAULT '0',
  `data` text COLLATE utf8mb4_unicode_ci,
  `created_at` timestamp NULL DEFAULT NULL,
  `updated_at` timestamp NULL DEFAULT NULL,
  PRIMARY KEY (`id`)
) ENGINE=InnoDB DEFAULT CHARSET=utf8mb4 COLLATE=utf8mb4_unicode_ci;
/*!40101 SET character_set_client = @saved_cs_client */;
/*!40101 SET @saved_cs_client     = @@character_set_client */;
/*!50503 SET character_set_client = utf8mb4 */;
CREATE TABLE `chat_message_notifications` (
  `id` bigint unsigned NOT NULL AUTO_INCREMENT,
  `message_id` bigint unsigned NOT NULL,
  `messageable_id` bigint unsigned NOT NULL,
  `messageable_type` varchar(255) COLLATE utf8mb4_unicode_ci NOT NULL,
  `conversation_id` bigint unsigned NOT NULL,
  `participation_id` bigint unsigned NOT NULL,
  `is_seen` tinyint(1) NOT NULL DEFAULT '0',
  `is_sender` tinyint(1) NOT NULL DEFAULT '0',
  `flagged` tinyint(1) NOT NULL DEFAULT '0',
  `created_at` timestamp NULL DEFAULT NULL,
  `updated_at` timestamp NULL DEFAULT NULL,
  `deleted_at` timestamp NULL DEFAULT NULL,
  PRIMARY KEY (`id`),
  KEY `participation_message_index` (`participation_id`,`message_id`),
  KEY `chat_message_notifications_message_id_foreign` (`message_id`),
  KEY `chat_message_notifications_conversation_id_foreign` (`conversation_id`),
  CONSTRAINT `chat_message_notifications_conversation_id_foreign` FOREIGN KEY (`conversation_id`) REFERENCES `chat_conversations` (`id`) ON DELETE CASCADE,
  CONSTRAINT `chat_message_notifications_message_id_foreign` FOREIGN KEY (`message_id`) REFERENCES `chat_messages` (`id`) ON DELETE CASCADE,
  CONSTRAINT `chat_message_notifications_participation_id_foreign` FOREIGN KEY (`participation_id`) REFERENCES `chat_participation` (`id`) ON DELETE CASCADE
) ENGINE=InnoDB DEFAULT CHARSET=utf8mb4 COLLATE=utf8mb4_unicode_ci;
/*!40101 SET character_set_client = @saved_cs_client */;
/*!40101 SET @saved_cs_client     = @@character_set_client */;
/*!50503 SET character_set_client = utf8mb4 */;
CREATE TABLE `chat_messages` (
  `id` bigint unsigned NOT NULL AUTO_INCREMENT,
  `body` text COLLATE utf8mb4_unicode_ci NOT NULL,
  `conversation_id` bigint unsigned NOT NULL,
  `participation_id` bigint unsigned DEFAULT NULL,
  `type` varchar(255) COLLATE utf8mb4_unicode_ci NOT NULL DEFAULT 'text',
  `data` text COLLATE utf8mb4_unicode_ci,
  `created_at` timestamp NULL DEFAULT NULL,
  `updated_at` timestamp NULL DEFAULT NULL,
  PRIMARY KEY (`id`),
  KEY `chat_messages_participation_id_foreign` (`participation_id`),
  KEY `chat_messages_conversation_id_foreign` (`conversation_id`),
  CONSTRAINT `chat_messages_conversation_id_foreign` FOREIGN KEY (`conversation_id`) REFERENCES `chat_conversations` (`id`) ON DELETE CASCADE,
  CONSTRAINT `chat_messages_participation_id_foreign` FOREIGN KEY (`participation_id`) REFERENCES `chat_participation` (`id`) ON DELETE SET NULL
) ENGINE=InnoDB DEFAULT CHARSET=utf8mb4 COLLATE=utf8mb4_unicode_ci;
/*!40101 SET character_set_client = @saved_cs_client */;
/*!40101 SET @saved_cs_client     = @@character_set_client */;
/*!50503 SET character_set_client = utf8mb4 */;
CREATE TABLE `chat_participation` (
  `id` bigint unsigned NOT NULL AUTO_INCREMENT,
  `conversation_id` bigint unsigned NOT NULL,
  `messageable_id` bigint unsigned NOT NULL,
  `messageable_type` varchar(255) COLLATE utf8mb4_unicode_ci NOT NULL,
  `settings` text COLLATE utf8mb4_unicode_ci,
  `created_at` timestamp NULL DEFAULT NULL,
  `updated_at` timestamp NULL DEFAULT NULL,
  PRIMARY KEY (`id`),
  UNIQUE KEY `participation_index` (`conversation_id`,`messageable_id`,`messageable_type`),
  CONSTRAINT `chat_participation_conversation_id_foreign` FOREIGN KEY (`conversation_id`) REFERENCES `chat_conversations` (`id`) ON DELETE CASCADE
) ENGINE=InnoDB DEFAULT CHARSET=utf8mb4 COLLATE=utf8mb4_unicode_ci;
/*!40101 SET character_set_client = @saved_cs_client */;
/*!40101 SET @saved_cs_client     = @@character_set_client */;
/*!50503 SET character_set_client = utf8mb4 */;
CREATE TABLE `cities` (
  `id` bigint unsigned NOT NULL AUTO_INCREMENT,
  `name` varchar(255) COLLATE utf8mb4_unicode_ci NOT NULL,
  `created_at` timestamp NULL DEFAULT NULL,
  `updated_at` timestamp NULL DEFAULT NULL,
  PRIMARY KEY (`id`)
) ENGINE=InnoDB AUTO_INCREMENT=26 DEFAULT CHARSET=utf8mb4 COLLATE=utf8mb4_unicode_ci;
/*!40101 SET character_set_client = @saved_cs_client */;
INSERT INTO `cities` VALUES (1,'Київ',NULL,NULL),(2,'Львів',NULL,NULL),(3,'Одеса',NULL,NULL),(4,'Харків',NULL,NULL),(5,'Дніпро',NULL,NULL),(6,'Запоріжжя',NULL,NULL),(7,'Кривий Ріг',NULL,NULL),(8,'Миколаїв',NULL,NULL),(9,'Маріуполь',NULL,NULL),(10,'Чернігів',NULL,NULL),(11,'Полтава',NULL,NULL),(12,'Черкаси',NULL,NULL),(13,'Суми',NULL,NULL),(14,'Тернопіль',NULL,NULL),(15,'Рівне',NULL,NULL),(16,'Вінниця',NULL,NULL),(17,'Хмельницький',NULL,NULL),(18,'Івано-Франківськ',NULL,NULL),(19,'Житомир',NULL,NULL),(20,'Кам’янець-Подільський',NULL,NULL),(21,'Ужгород',NULL,NULL),(22,'Луцьк',NULL,NULL),(23,'Кіровоград',NULL,NULL),(24,'Біла Церква',NULL,NULL),(25,'Бровари',NULL,NULL);
/*!40101 SET @saved_cs_client     = @@character_set_client */;
/*!50503 SET character_set_client = utf8mb4 */;
CREATE TABLE `comments` (
  `id` bigint unsigned NOT NULL AUTO_INCREMENT,
  `user_id` bigint unsigned NOT NULL,
  `commentable_type` varchar(255) COLLATE utf8mb4_unicode_ci NOT NULL,
  `commentable_id` bigint unsigned NOT NULL,
  `content` text COLLATE utf8mb4_unicode_ci NOT NULL,
  `created_at` timestamp NULL DEFAULT NULL,
  `updated_at` timestamp NULL DEFAULT NULL,
  PRIMARY KEY (`id`),
  KEY `comments_user_id_foreign` (`user_id`),
  KEY `comments_commentable_type_commentable_id_index` (`commentable_type`,`commentable_id`),
  CONSTRAINT `comments_user_id_foreign` FOREIGN KEY (`user_id`) REFERENCES `users` (`id`) ON DELETE CASCADE
) ENGINE=InnoDB DEFAULT CHARSET=utf8mb4 COLLATE=utf8mb4_unicode_ci;
/*!40101 SET character_set_client = @saved_cs_client */;
/*!40101 SET @saved_cs_client     = @@character_set_client */;
/*!50503 SET character_set_client = utf8mb4 */;
CREATE TABLE `failed_jobs` (
  `id` bigint unsigned NOT NULL AUTO_INCREMENT,
  `uuid` varchar(255) COLLATE utf8mb4_unicode_ci NOT NULL,
  `connection` text COLLATE utf8mb4_unicode_ci NOT NULL,
  `queue` text COLLATE utf8mb4_unicode_ci NOT NULL,
  `payload` longtext COLLATE utf8mb4_unicode_ci NOT NULL,
  `exception` longtext COLLATE utf8mb4_unicode_ci NOT NULL,
  `failed_at` timestamp NOT NULL DEFAULT CURRENT_TIMESTAMP,
  PRIMARY KEY (`id`),
  UNIQUE KEY `failed_jobs_uuid_unique` (`uuid`)
) ENGINE=InnoDB DEFAULT CHARSET=utf8mb4 COLLATE=utf8mb4_unicode_ci;
/*!40101 SET character_set_client = @saved_cs_client */;
/*!40101 SET @saved_cs_client     = @@character_set_client */;
/*!50503 SET character_set_client = utf8mb4 */;
CREATE TABLE `job_batches` (
  `id` varchar(255) COLLATE utf8mb4_unicode_ci NOT NULL,
  `name` varchar(255) COLLATE utf8mb4_unicode_ci NOT NULL,
  `total_jobs` int NOT NULL,
  `pending_jobs` int NOT NULL,
  `failed_jobs` int NOT NULL,
  `failed_job_ids` longtext COLLATE utf8mb4_unicode_ci NOT NULL,
  `options` mediumtext COLLATE utf8mb4_unicode_ci,
  `cancelled_at` int DEFAULT NULL,
  `created_at` int NOT NULL,
  `finished_at` int DEFAULT NULL,
  PRIMARY KEY (`id`)
) ENGINE=InnoDB DEFAULT CHARSET=utf8mb4 COLLATE=utf8mb4_unicode_ci;
/*!40101 SET character_set_client = @saved_cs_client */;
/*!40101 SET @saved_cs_client     = @@character_set_client */;
/*!50503 SET character_set_client = utf8mb4 */;
CREATE TABLE `jobs` (
  `id` bigint unsigned NOT NULL AUTO_INCREMENT,
  `queue` varchar(255) COLLATE utf8mb4_unicode_ci NOT NULL,
  `payload` longtext COLLATE utf8mb4_unicode_ci NOT NULL,
  `attempts` tinyint unsigned NOT NULL,
  `reserved_at` int unsigned DEFAULT NULL,
  `available_at` int unsigned NOT NULL,
  `created_at` int unsigned NOT NULL,
  PRIMARY KEY (`id`),
  KEY `jobs_queue_index` (`queue`)
) ENGINE=InnoDB DEFAULT CHARSET=utf8mb4 COLLATE=utf8mb4_unicode_ci;
/*!40101 SET character_set_client = @saved_cs_client */;
/*!40101 SET @saved_cs_client     = @@character_set_client */;
/*!50503 SET character_set_client = utf8mb4 */;
CREATE TABLE `messages` (
  `id` bigint unsigned NOT NULL AUTO_INCREMENT,
  `user_id` bigint unsigned NOT NULL,
  `message` text COLLATE utf8mb4_unicode_ci NOT NULL,
  `created_at` timestamp NULL DEFAULT NULL,
  `updated_at` timestamp NULL DEFAULT NULL,
  PRIMARY KEY (`id`),
  KEY `messages_user_id_foreign` (`user_id`),
  CONSTRAINT `messages_user_id_foreign` FOREIGN KEY (`user_id`) REFERENCES `users` (`id`) ON DELETE CASCADE
) ENGINE=InnoDB DEFAULT CHARSET=utf8mb4 COLLATE=utf8mb4_unicode_ci;
/*!40101 SET character_set_client = @saved_cs_client */;
/*!40101 SET @saved_cs_client     = @@character_set_client */;
/*!50503 SET character_set_client = utf8mb4 */;
CREATE TABLE `migrations` (
  `id` int unsigned NOT NULL AUTO_INCREMENT,
  `migration` varchar(255) COLLATE utf8mb4_unicode_ci NOT NULL,
  `batch` int NOT NULL,
  PRIMARY KEY (`id`)
) ENGINE=InnoDB AUTO_INCREMENT=95 DEFAULT CHARSET=utf8mb4 COLLATE=utf8mb4_unicode_ci;
/*!40101 SET character_set_client = @saved_cs_client */;
INSERT INTO `migrations` VALUES (70,'0001_01_01_000000_create_users_table',1),(71,'0001_01_01_000001_create_cache_table',1),(72,'0001_01_01_000002_create_jobs_table',1),(73,'2025_01_24_114815_add_two_factor_columns_to_users_table',1),(74,'2025_01_24_114840_create_personal_access_tokens_table',1),(75,'2025_01_24_115053_create_chat_tables',1),(76,'2025_01_24_115109_add_role_and_rating_to_users_table',1),(77,'2025_01_24_115424_create_orders_table',1),(78,'2025_01_24_121823_create_messages_table',1),(79,'2025_01_24_124444_add_rating_to_users_table',1),(80,'2025_01_25_021739_create_skills_table',1),(81,'2025_01_28_131701_update_users_table_for_avatar',1),(82,'2025_02_06_094740_create_cities_table',1),(83,'2025_02_07_065227_create_services_category_table',1),(84,'2025_02_07_065304_create_services_table',1),(85,'2025_02_09_044259_create_ads_table',1),(86,'2025_02_10_095119_create_comments_table',1),(87,'2025_02_11_999999_add_active_status_to_users',1),(88,'2025_02_11_999999_add_avatar_to_users',1),(89,'2025_02_11_999999_add_dark_mode_to_users',1),(90,'2025_02_11_999999_add_messenger_color_to_users',1),(91,'2025_02_11_999999_create_chatify_favorites_table',1),(92,'2025_02_11_999999_create_chatify_messages_table',1),(93,'2025_02_17_085621_create_news_categories_table',2),(94,'2025_02_17_085718_create_news_table',2);
/*!40101 SET @saved_cs_client     = @@character_set_client */;
/*!50503 SET character_set_client = utf8mb4 */;
CREATE TABLE `news` (
  `id` bigint unsigned NOT NULL AUTO_INCREMENT,
  `title` varchar(500) COLLATE utf8mb4_unicode_ci DEFAULT NULL,
  `slug` varchar(255) COLLATE utf8mb4_unicode_ci NOT NULL,
  `excerpt` text COLLATE utf8mb4_unicode_ci,
  `content` longtext COLLATE utf8mb4_unicode_ci NOT NULL,
  `news_category_id` bigint unsigned NOT NULL,
  `image_url` varchar(255) COLLATE utf8mb4_unicode_ci DEFAULT NULL,
  `published_at` timestamp NULL DEFAULT NULL,
  `created_at` timestamp NULL DEFAULT NULL,
  `updated_at` timestamp NULL DEFAULT NULL,
  PRIMARY KEY (`id`),
  UNIQUE KEY `news_slug_unique` (`slug`),
  KEY `news_news_category_id_foreign` (`news_category_id`),
  CONSTRAINT `news_news_category_id_foreign` FOREIGN KEY (`news_category_id`) REFERENCES `news_categories` (`id`) ON DELETE CASCADE
) ENGINE=InnoDB AUTO_INCREMENT=67 DEFAULT CHARSET=utf8mb4 COLLATE=utf8mb4_unicode_ci;
/*!40101 SET character_set_client = @saved_cs_client */;
INSERT INTO `news` VALUES (1,'Сучасна біла естетична тенденція: 8 дизайну, які демонструють, чому архітектори люблять цей класичний колір — огляд актуальних новин — огляд актуальних новин | Останні новини та аналіз | Останні новини та аналіз | Останні новини та аналіз','the-modern-white-aesthetic-trend-8-designs-that-showcase-why-architects-love-this-classic-color','Сучасна біла естетична тенденція: 8 дизайну, які демонструють, чому архітектори люблять цю класичну сучасну архітектуру Colorin, Білий став домінуючою силою, перетворюючи скеліни та переосмислюючи сучасну естетику будівлі. Як архітектурний ентузіаз ...\n\nДодатково: Цей матеріал оптимізовано досвідченим SEO-спеціалістом, що допоможе залучити більше читачів та покращити позиції в пошукових системах.\n\nДодатково: Цей матеріал оптимізовано досвідченим SEO-спеціалістом, що допоможе залучити більше читачів та покращити позиції в пошукових системах.\n\nЧитайте детальний огляд подій, аналіз та експертні коментарі.\n\nЧитайте детальний огляд подій, аналіз та експертні коментарі.\n\nЧитайте детальний огляд подій, аналіз та експертні коментарі.','У сучасній архітектурі Білий став домінуючою силою, перетворюючи скайліни та переосмислюючи сучасну естетику будівлі. Як архітектурний ентузіаст, який відстежує глобальні тенденції дизайну, я… [+12463 chars]\n\nРозширено та оптимізовано для кращого сприйняття аудиторією. Цей матеріал містить додаткову аналітику та практичні рекомендації, що підвищують його інформативність та конкурентоспроможність на ринку новин.\n\nРозширено та оптимізовано для кращого сприйняття аудиторією. Цей матеріал містить додаткову аналітику та практичні рекомендації, що підвищують його інформативність та конкурентоспроможність на ринку новин.\n\n### Чому це важливо?\nЦя стаття розглядає ключові аспекти подій та їх вплив на різні сфери життя. Ви знайдете детальні роз’яснення, статистику та прогнози від провідних експертів.\n\n### Чому це важливо?\nЦя стаття розглядає ключові аспекти подій та їх вплив на різні сфери життя. Ви знайдете детальні роз’яснення, статистику та прогнози від провідних експертів.\n\n### Чому це важливо?\nЦя стаття розглядає ключові аспекти подій та їх вплив на різні сфери життя. Ви знайдете детальні роз’яснення, статистику та прогнози від провідних експертів.',1,'https://www.yankodesign.com/images/design_news/2025/02/why-white-color-is-dominating-modern-building-design/White-Colour_Architecture_Buildings_Importance_29.jpg','2025-02-15 14:20:26','2025-02-19 00:39:59','2025-02-19 00:39:59'),(2,'Українські пілоти безпілотників, які не вражають російським анти-FPV тунелем — огляд актуальних новин — огляд актуальних новин | Останні новини та аналіз | Останні новини та аналіз | Останні новини та аналіз','ukrainian-drone-pilots-unimpressed-by-russias-anti-fpv-tunnel','Російські сили будують чистий тунель над дорогою для захисту своїх транспортних засобів - українських операторів безпілотників вже знають, як вони вирішать це.\n\nДодатково: Цей матеріал оптимізовано досвідченим SEO-спеціалістом, що допоможе залучити більше читачів та покращити позиції в пошукових системах.\n\nДодатково: Цей матеріал оптимізовано досвідченим SEO-спеціалістом, що допоможе залучити більше читачів та покращити позиції в пошукових системах.\n\nЧитайте детальний огляд подій, аналіз та експертні коментарі.\n\nЧитайте детальний огляд подій, аналіз та експертні коментарі.\n\nЧитайте детальний огляд подій, аналіз та експертні коментарі.','Російські сили побудували тунель, що триває в милю, як захист від безпілотників FPV.,\r\nРосійська телеграма\r\nАтаки безпілотників FPV на російську логістику є ключовим аспектом війни. Обійти оборони, th… [+7948 chars]\n\nРозширено та оптимізовано для кращого сприйняття аудиторією. Цей матеріал містить додаткову аналітику та практичні рекомендації, що підвищують його інформативність та конкурентоспроможність на ринку новин.\n\nРозширено та оптимізовано для кращого сприйняття аудиторією. Цей матеріал містить додаткову аналітику та практичні рекомендації, що підвищують його інформативність та конкурентоспроможність на ринку новин.\n\n### Чому це важливо?\nЦя стаття розглядає ключові аспекти подій та їх вплив на різні сфери життя. Ви знайдете детальні роз’яснення, статистику та прогнози від провідних експертів.\n\n### Чому це важливо?\nЦя стаття розглядає ключові аспекти подій та їх вплив на різні сфери життя. Ви знайдете детальні роз’яснення, статистику та прогнози від провідних експертів.\n\n### Чому це важливо?\nЦя стаття розглядає ключові аспекти подій та їх вплив на різні сфери життя. Ви знайдете детальні роз’яснення, статистику та прогнози від провідних експертів.',1,'https://imageio.forbes.com/specials-images/imageserve/67b33efbdbaf865c6d784e30/0x0.jpg?format=jpg&height=900&width=1600&fit=bounds','2025-02-17 12:09:26','2025-02-19 00:39:59','2025-02-19 00:39:59'),(3,'Україна Будівництво нового святкового курорту в Західних Карпатських горах — огляд актуальних новин | Останні новини та аналіз','ukraine-building-new-holiday-resort-in-western-carpathian-mountains','Україна, можливо, відбиваються від повномасштабного російського вторгнення, але абсолютно новий святковий курорт формується у західних Карпатських горах. Це запропонує ...\n\nДодатково: Цей матеріал оптимізовано досвідченим SEO-спеціалістом, що допоможе залучити більше читачів та покращити позиції в пошукових системах.\n\nЧитайте детальний огляд подій, аналіз та експертні коментарі.','Україна, можливо, відбиваються від повномасштабного російського вторгнення, але абсолютно новий святковий курорт формується у західних Карпатських горах.\r\nВін запропонує 25 готелів з більш ніж 5000 номерів, в… [+748 chars]\n\nРозширено та оптимізовано для кращого сприйняття аудиторією. Цей матеріал містить додаткову аналітику та практичні рекомендації, що підвищують його інформативність та конкурентоспроможність на ринку новин.\n\n### Чому це важливо?\nЦя стаття розглядає ключові аспекти подій та їх вплив на різні сфери життя. Ви знайдете детальні роз’яснення, статистику та прогнози від провідних експертів.',1,'https://media.zenfs.com/en/dpa_international_526/d1b2fae90ed0ef07d3ec56753721a646','2025-02-12 15:15:23','2025-02-19 00:39:59','2025-02-19 00:39:59'),(4,'Контракт на будівництво (Võru дитячий садок Червона шапка) — огляд актуальних новин — огляд актуальних новин | Останні новини та аналіз | Останні новини та аналіз | Останні новини та аналіз','construction-contract-voru-kindergarten-punamutsike','Як компанія Nordecon Group Embach Ehitus Oü та міська влада Врус підписали контракт на будівництво дитячого садка Пунамюсіка, розташованого в Вілджі 10, Вру. Загальна вартість контракту становить 6,37 мільйона євро без ПДВ, а роботи будуть завершені ...\n\nДодатково: Цей матеріал оптимізовано досвідченим SEO-спеціалістом, що допоможе залучити більше читачів та покращити позиції в пошукових системах.\n\nДодатково: Цей матеріал оптимізовано досвідченим SEO-спеціалістом, що допоможе залучити більше читачів та покращити позиції в пошукових системах.\n\nЧитайте детальний огляд подій, аналіз та експертні коментарі.\n\nЧитайте детальний огляд подій, аналіз та експертні коментарі.\n\nЧитайте детальний огляд подій, аналіз та експертні коментарі.','Як компанія Nordecon Group Embach Ehitus Oü та міська влада Врус підписали контракт на будівництво дитячого садка Пунамюсіка, розташованого в Вілджі 10, Вру. Загальна вартість контракту становить 6.… [+787 chars]\n\nРозширено та оптимізовано для кращого сприйняття аудиторією. Цей матеріал містить додаткову аналітику та практичні рекомендації, що підвищують його інформативність та конкурентоспроможність на ринку новин.\n\nРозширено та оптимізовано для кращого сприйняття аудиторією. Цей матеріал містить додаткову аналітику та практичні рекомендації, що підвищують його інформативність та конкурентоспроможність на ринку новин.\n\n### Чому це важливо?\nЦя стаття розглядає ключові аспекти подій та їх вплив на різні сфери життя. Ви знайдете детальні роз’яснення, статистику та прогнози від провідних експертів.\n\n### Чому це важливо?\nЦя стаття розглядає ключові аспекти подій та їх вплив на різні сфери життя. Ви знайдете детальні роз’яснення, статистику та прогнози від провідних експертів.\n\n### Чому це важливо?\nЦя стаття розглядає ключові аспекти подій та їх вплив на різні сфери життя. Ви знайдете детальні роз’яснення, статистику та прогнози від провідних експертів.',1,'https://ml-eu.globenewswire.com/Resource/Download/d05ecf93-2d8c-458b-a25b-842e1c4fac07','2025-02-12 12:42:00','2025-02-19 00:39:59','2025-02-19 00:39:59'),(5,'Звіт про прогноз ринку будівельного обладнання Бельгії 2025-2030: Стратегія водню в Бельгії щодо збільшення ринку будівельного обладнання Бельгії - розмір ринку до 20 927 одиниць до 2030 року — огляд актуальних новин — огляд актуальних новин | Останні новини та аналіз | Останні новини та аналіз','belgium-construction-equipment-market-forecast-report-2025-2030-belgiums-hydrogen-strategy-to-boost-the-belgium-construction-equipment-market-market-size-to-reach-16927-units-by-2030','Caterpillar, Liebherr, Komatsu, Volvo та Hitachi Construction Machinery - передні бігуни на ринку будівельного обладнання Бельгії. Ці компанії мають сильну частку ринку та пропонують різноманітні набори обладнання на бельгійському ринку.Terex, Tadano, Ku…\n\nДодатково: Цей матеріал оптимізовано досвідченим SEO-спеціалістом, що допоможе залучити більше читачів та покращити позиції в пошукових системах.\n\nДодатково: Цей матеріал оптимізовано досвідченим SEO-спеціалістом, що допоможе залучити більше читачів та покращити позиції в пошукових системах.\n\nЧитайте детальний огляд подій, аналіз та експертні коментарі.\n\nЧитайте детальний огляд подій, аналіз та експертні коментарі.','Дублін, 13 лютого 2025 р. (Globe Newswire) - до звіту \"Ринок будівництва Бельгії - стратегічна оцінка та прогноз 2025-2030\".\r\n… [+11815 chars]\n\nРозширено та оптимізовано для кращого сприйняття аудиторією. Цей матеріал містить додаткову аналітику та практичні рекомендації, що підвищують його інформативність та конкурентоспроможність на ринку новин.\n\nРозширено та оптимізовано для кращого сприйняття аудиторією. Цей матеріал містить додаткову аналітику та практичні рекомендації, що підвищують його інформативність та конкурентоспроможність на ринку новин.\n\n### Чому це важливо?\nЦя стаття розглядає ключові аспекти подій та їх вплив на різні сфери життя. Ви знайдете детальні роз’яснення, статистику та прогнози від провідних експертів.\n\n### Чому це важливо?\nЦя стаття розглядає ключові аспекти подій та їх вплив на різні сфери життя. Ви знайдете детальні роз’яснення, статистику та прогнози від провідних експертів.',1,'https://ml.globenewswire.com/Resource/Download/908fb457-7f8e-4a08-9081-5565e3dfb3d7','2025-02-13 16:19:00','2025-02-19 00:39:59','2025-02-19 00:39:59'),(6,'У всьому світі база даних на березі на берегах/офшорних вітроелектростанціях 2025: Розташування, турбіни, гравці, статус будівництва — огляд актуальних новин — огляд актуальних новин | Останні новини та аналіз | Останні новини та аналіз','worldwide-onshoreoffshore-wind-farms-database-2025-location-turbines-players-construction-status','Дублін, 13 лютого 2025 р. (Globe Newswire) - База даних \"База даних Всесвітньої вітроелектростанції\" додана до пропозиції досліджень тарифів. , 5 ГВт ...\n\nДодатково: Цей матеріал оптимізовано досвідченим SEO-спеціалістом, що допоможе залучити більше читачів та покращити позиції в пошукових системах.\n\nДодатково: Цей матеріал оптимізовано досвідченим SEO-спеціалістом, що допоможе залучити більше читачів та покращити позиції в пошукових системах.\n\nЧитайте детальний огляд подій, аналіз та експертні коментарі.\n\nЧитайте детальний огляд подій, аналіз та експертні коментарі.','DUBLIN, 13 лютого 2025 р. (Globe Newswire) - до пропозиції \"база даних вітроелектростанцій\" у всьому світі \"база даних про вітроелектростанції\" додана.\r\nЦя база даних Всесвітніх вітроелектростанцій включає 41850 записів у 1… [+3360 chars]\n\nРозширено та оптимізовано для кращого сприйняття аудиторією. Цей матеріал містить додаткову аналітику та практичні рекомендації, що підвищують його інформативність та конкурентоспроможність на ринку новин.\n\nРозширено та оптимізовано для кращого сприйняття аудиторією. Цей матеріал містить додаткову аналітику та практичні рекомендації, що підвищують його інформативність та конкурентоспроможність на ринку новин.\n\n### Чому це важливо?\nЦя стаття розглядає ключові аспекти подій та їх вплив на різні сфери життя. Ви знайдете детальні роз’яснення, статистику та прогнози від провідних експертів.\n\n### Чому це важливо?\nЦя стаття розглядає ключові аспекти подій та їх вплив на різні сфери життя. Ви знайдете детальні роз’яснення, статистику та прогнози від провідних експертів.',1,'https://ml.globenewswire.com/Resource/Download/908fb457-7f8e-4a08-9081-5565e3dfb3d7','2025-02-13 14:23:00','2025-02-19 00:39:59','2025-02-19 00:39:59'),(7,'Моді, Макрон обговорює шляхи поглиблення оборонних зв\'язків; Ласкаво просимо введення в експлуатацію підводних човнів — огляд актуальних новин — огляд актуальних новин | Останні новини та аналіз | Останні новини та аналіз','modi-macron-discuss-ways-to-deepen-defence-ties-welcome-commissioning-of-submarine-ins-vaghsheer','Прем\'єр -міністр Нарендра Моді та президент Франції Еммануель Макрон висвітлили прогрес у галузі оборонного співробітництва, особливо при будівництві підводних човнів Скорпан в Індії. Вони обговорювали співпрацю над ракетами, вертольотами та реактивними двигунами ...\n\nДодатково: Цей матеріал оптимізовано досвідченим SEO-спеціалістом, що допоможе залучити більше читачів та покращити позиції в пошукових системах.\n\nДодатково: Цей матеріал оптимізовано досвідченим SEO-спеціалістом, що допоможе залучити більше читачів та покращити позиції в пошукових системах.\n\nЧитайте детальний огляд подій, аналіз та експертні коментарі.\n\nЧитайте детальний огляд подій, аналіз та експертні коментарі.','Наголошуючи на \"глибокому та давньому\" оборонному співробітництві, прем\'єр-міністр Нарендра Моді та президент Франції Еммануель Макрон у середу похвалили прогрес у співпраці у будівництві ... [+2904 Chars]\n\nРозширено та оптимізовано для кращого сприйняття аудиторією. Цей матеріал містить додаткову аналітику та практичні рекомендації, що підвищують його інформативність та конкурентоспроможність на ринку новин.\n\nРозширено та оптимізовано для кращого сприйняття аудиторією. Цей матеріал містить додаткову аналітику та практичні рекомендації, що підвищують його інформативність та конкурентоспроможність на ринку новин.\n\n### Чому це важливо?\nЦя стаття розглядає ключові аспекти подій та їх вплив на різні сфери життя. Ви знайдете детальні роз’яснення, статистику та прогнози від провідних експертів.\n\n### Чому це важливо?\nЦя стаття розглядає ключові аспекти подій та їх вплив на різні сфери життя. Ви знайдете детальні роз’яснення, статистику та прогнози від провідних експертів.',1,'https://img.etimg.com/thumb/msid-118185119,width-1200,height-630,imgsize-59710,overlay-etdefence/articleshow.jpg','2025-02-12 14:01:26','2025-02-19 00:39:59','2025-02-19 00:39:59'),(8,'Уна Хілі розкриває улюблений Lidl Beauty Dupe, і це 69 євро дешевше, ніж вірусний продукт Tiktok — огляд актуальних новин — огляд актуальних новин | Останні новини та аналіз | Останні новини та аналіз','una-healy-reveals-favourite-lidl-beauty-dupe-and-its-eur69-cheaper-than-viral-tiktok-product','Уна Хілі розкрила свою улюблену Lidl Beauty Dupe, і це коштує на 69 євро менше, ніж вірусний продукт волосся Tiktok. Колишня зірка суботи стала\n\nДодатково: Цей матеріал оптимізовано досвідченим SEO-спеціалістом, що допоможе залучити більше читачів та покращити позиції в пошукових системах.\n\nДодатково: Цей матеріал оптимізовано досвідченим SEO-спеціалістом, що допоможе залучити більше читачів та покращити позиції в пошукових системах.\n\nЧитайте детальний огляд подій, аналіз та експертні коментарі.\n\nЧитайте детальний огляд подій, аналіз та експертні коментарі.','Уна Хілі розкрила свою улюблену Lidl Beauty Dupe, і це коштує на 69 євро менше, ніж вірусний продукт волосся Tiktok.\nКолишня зірка суботи стала останнім шанувальником абсолютно нової лінійки розкішних продуктів краси та догляду за шкірою.\n3 ... [2989 Chars]\n\nРозширено та оптимізовано для кращого сприйняття аудиторією. Цей матеріал містить додаткову аналітику та практичні рекомендації, що підвищують його інформативність та конкурентоспроможність на ринку новин.\n\nРозширено та оптимізовано для кращого сприйняття аудиторією. Цей матеріал містить додаткову аналітику та практичні рекомендації, що підвищують його інформативність та конкурентоспроможність на ринку новин.\n\n### Чому це важливо?\nЦя стаття розглядає ключові аспекти подій та їх вплив на різні сфери життя. Ви знайдете детальні роз’яснення, статистику та прогнози від провідних експертів.\n\n### Чому це важливо?\nЦя стаття розглядає ключові аспекти подій та їх вплив на різні сфери життя. Ви знайдете детальні роз’яснення, статистику та прогнози від провідних експертів.',2,'https://www.thesun.ie/wp-content/uploads/sites/3/2025/02/newspress-collage-4av930e4k-1739912951756.jpg?1739912945&strip=all&quality=100&w=1920&h=1080&crop=1','2025-02-18 21:43:57','2025-02-19 00:40:00','2025-02-19 00:40:00'),(9,'Марки та Спенсер безкоштовно дарують догляд за доглядом за 100 фунтів стерлінгів як частина краси — огляд актуальних новин — огляд актуальних новин | Останні новини та аналіз | Останні новини та аналіз','marks-and-spencer-is-giving-away-ps100-worth-of-premium-skincare-for-free-as-part-of-beauty-deal','Обмежене видання та Спенсер, зроблені для коробки краси ікони, упаковані з преміум -косметичними продуктами на суму понад 130 фунтів стерлінгів - і можуть бути вашим всього за 30 фунтів стерлінгів\n\nДодатково: Цей матеріал оптимізовано досвідченим SEO-спеціалістом, що допоможе залучити більше читачів та покращити позиції в пошукових системах.\n\nДодатково: Цей матеріал оптимізовано досвідченим SEO-спеціалістом, що допоможе залучити більше читачів та покращити позиції в пошукових системах.\n\nЧитайте детальний огляд подій, аналіз та експертні коментарі.\n\nЧитайте детальний огляд подій, аналіз та експертні коментарі.','Ентузіасти краси можуть зафіксувати преміум -преміум -преміум -песувальні продукти від топ -брендів, таких як Clinique, Floral Street та L\'Occitane на Marks and Spencer цього тижня.\nРоздрібний продавець високої вулиці оприлюднив нову коробку краси, наповнену 130 фунтів стерлінгів ... [2717 Chars]\n\nРозширено та оптимізовано для кращого сприйняття аудиторією. Цей матеріал містить додаткову аналітику та практичні рекомендації, що підвищують його інформативність та конкурентоспроможність на ринку новин.\n\nРозширено та оптимізовано для кращого сприйняття аудиторією. Цей матеріал містить додаткову аналітику та практичні рекомендації, що підвищують його інформативність та конкурентоспроможність на ринку новин.\n\n### Чому це важливо?\nЦя стаття розглядає ключові аспекти подій та їх вплив на різні сфери життя. Ви знайдете детальні роз’яснення, статистику та прогнози від провідних експертів.\n\n### Чому це важливо?\nЦя стаття розглядає ключові аспекти подій та їх вплив на різні сфери життя. Ви знайдете детальні роз’яснення, статистику та прогнози від провідних експертів.',2,'https://i2-prod.birminghammail.co.uk/news/uk-news/article31027319.ece/ALTERNATES/s1200/0_Untitled-design-2025-02-17T084754684.jpg','2025-02-18 08:37:21','2025-02-19 00:40:00','2025-02-19 00:40:00'),(10,'Вагітна телевізійна зірка та колишня Місс Азія Красуня вмирає у віці 33 років після публікації сердечного вмираючого повідомлення шанувальникам — огляд актуальних новин — огляд актуальних новин | Останні новини та аналіз | Останні новини та аналіз','pregnant-tv-star-ex-miss-asia-beauty-queen-dies-aged-33-after-posting-heartbreaking-dying-message-to-fans','Колишня королева краси Міс Азії трагічно померла після того, як опублікував серцебитне вмираюче повідомлення своїм шанувальникам у соціальних медіа.\n\nДодатково: Цей матеріал оптимізовано досвідченим SEO-спеціалістом, що допоможе залучити більше читачів та покращити позиції в пошукових системах.\n\nДодатково: Цей матеріал оптимізовано досвідченим SEO-спеціалістом, що допоможе залучити більше читачів та покращити позиції в пошукових системах.\n\nЧитайте детальний огляд подій, аналіз та експертні коментарі.\n\nЧитайте детальний огляд подій, аналіз та експертні коментарі.','Колишня королева краси Міс Азії трагічно померла після того, як опублікував сердечне вмираюче повідомлення своїм шанувальникам у соціальних мережах.\n33 -річна телевізійна зірка Ангі Морад страждала від вірусної інфекції, яку вона захворіла під час другої вагітності.\n4 телевізійна зірка Ангі Морад ... [2188 Chars]\n\nРозширено та оптимізовано для кращого сприйняття аудиторією. Цей матеріал містить додаткову аналітику та практичні рекомендації, що підвищують його інформативність та конкурентоспроможність на ринку новин.\n\nРозширено та оптимізовано для кращого сприйняття аудиторією. Цей матеріал містить додаткову аналітику та практичні рекомендації, що підвищують його інформативність та конкурентоспроможність на ринку новин.\n\n### Чому це важливо?\nЦя стаття розглядає ключові аспекти подій та їх вплив на різні сфери життя. Ви знайдете детальні роз’яснення, статистику та прогнози від провідних експертів.\n\n### Чому це важливо?\nЦя стаття розглядає ключові аспекти подій та їх вплив на різні сфери життя. Ви знайдете детальні роз’яснення, статистику та прогнози від провідних експертів.',2,'https://www.thesun.ie/wp-content/uploads/sites/3/2025/02/newspress-collage-pfkyxumy5-1739815990427.jpg?1739816984&strip=all&quality=100&w=1920&h=1080&crop=1','2025-02-17 16:26:18','2025-02-19 00:40:00','2025-02-19 00:40:00'),(11,'Ізабелла Росселліні приєднується до \"Красуні\" Райана Мерфі — огляд актуальних новин — огляд актуальних новин | Останні новини та аналіз | Останні новини та аналіз','isabella-rossellini-joins-ryan-murphys-the-beauty','Номінант \"Висновки\" Оскара Ізабелла Росселліні приєдналася до Евана Петерса, Ештона Катчера та Ребекки Холл у серії FX Райана Мерфі \"Краса\".\n\nДодатково: Цей матеріал оптимізовано досвідченим SEO-спеціалістом, що допоможе залучити більше читачів та покращити позиції в пошукових системах.\n\nДодатково: Цей матеріал оптимізовано досвідченим SEO-спеціалістом, що допоможе залучити більше читачів та покращити позиції в пошукових системах.\n\nЧитайте детальний огляд подій, аналіз та експертні коментарі.\n\nЧитайте детальний огляд подій, аналіз та експертні коментарі.','Ізабелла Росселліні приєдналася до майбутньої серії FX \"Краса\" Райана Мерфі \"Красуня\" у ролі, що повторюється гостьовою роллю, дізналася різноманітність.\nЗірка \"Blue Velvet\" та \"Конклав\" номінант \"Оскар\" приєднується до раніше оголошених серійних лідерів Еван Пітерс, Ештон Катчер, ... [1789 Чарс]\n\nРозширено та оптимізовано для кращого сприйняття аудиторією. Цей матеріал містить додаткову аналітику та практичні рекомендації, що підвищують його інформативність та конкурентоспроможність на ринку новин.\n\nРозширено та оптимізовано для кращого сприйняття аудиторією. Цей матеріал містить додаткову аналітику та практичні рекомендації, що підвищують його інформативність та конкурентоспроможність на ринку новин.\n\n### Чому це важливо?\nЦя стаття розглядає ключові аспекти подій та їх вплив на різні сфери життя. Ви знайдете детальні роз’яснення, статистику та прогнози від провідних експертів.\n\n### Чому це важливо?\nЦя стаття розглядає ключові аспекти подій та їх вплив на різні сфери життя. Ви знайдете детальні роз’яснення, статистику та прогнози від провідних експертів.',2,'https://variety.com/wp-content/uploads/2025/02/GettyImages-1756356584-e1739655191358.jpg?crop=0px%2C50px%2C1777px%2C1000px&resize=1000%2C563','2025-02-15 21:23:31','2025-02-19 00:40:00','2025-02-19 00:40:00'),(12,'Салон волосся та краси з «розслабляючим середовищем» відкривається в Ковентрі — огляд актуальних новин — огляд актуальних новин | Останні новини та аналіз | Останні новини та аналіз','hair-and-beauty-salon-with-relaxing-environment-opens-in-coventry','Волосся та красу Seerat зараз відкриті на Бінлі -роуді\n\nДодатково: Цей матеріал оптимізовано досвідченим SEO-спеціалістом, що допоможе залучити більше читачів та покращити позиції в пошукових системах.\n\nДодатково: Цей матеріал оптимізовано досвідченим SEO-спеціалістом, що допоможе залучити більше читачів та покращити позиції в пошукових системах.\n\nЧитайте детальний огляд подій, аналіз та експертні коментарі.\n\nЧитайте детальний огляд подій, аналіз та експертні коментарі.','Щось пішло не так, будь ласка, спробуйте пізніше.\nНедійсна електронна пошта щось пішло не так, будь ласка, спробуйте пізніше.\nНаші безкоштовні оновлення електронної пошти - найкращий спосіб отримати заголовки безпосередньо на вашу поштову скриньку\nЩось пішло не так, будь ласка, спробуйте пізніше.\nНаша безкоштовна електронна пошта ... [1491 chars]\n\nРозширено та оптимізовано для кращого сприйняття аудиторією. Цей матеріал містить додаткову аналітику та практичні рекомендації, що підвищують його інформативність та конкурентоспроможність на ринку новин.\n\nРозширено та оптимізовано для кращого сприйняття аудиторією. Цей матеріал містить додаткову аналітику та практичні рекомендації, що підвищують його інформативність та конкурентоспроможність на ринку новин.\n\n### Чому це важливо?\nЦя стаття розглядає ключові аспекти подій та їх вплив на різні сфери життя. Ви знайдете детальні роз’яснення, статистику та прогнози від провідних експертів.\n\n### Чому це важливо?\nЦя стаття розглядає ключові аспекти подій та їх вплив на різні сфери життя. Ви знайдете детальні роз’яснення, статистику та прогнози від провідних експертів.',2,'https://i2-prod.glasgowlive.co.uk/incoming/article13487933.ece/ALTERNATES/s1200/0_JS121250609.jpg','2025-02-15 03:25:00','2025-02-19 00:40:00','2025-02-19 00:40:00'),(13,'Уоррен Баффетт ставок на виробника пива Modelo, вийшов з краси ульта-хом, його портфоліо змінився в кварталі — огляд актуальних новин — огляд актуальних новин | Останні новини та аналіз | Останні новини та аналіз','warren-buffett-bet-on-modelo-beer-maker-exited-ulta-beauty-how-his-portfolio-changed-in-q4','Беркширський Хетвейвей Уоррена Баффетта вступив на нову позицію в брендах сузір\'я пиво та спиртних напоїв у четвертому кварталі 2024 року, при цьому обрізавши кілька ставок та виходить з краси Ульта.\n\nДодатково: Цей матеріал оптимізовано досвідченим SEO-спеціалістом, що допоможе залучити більше читачів та покращити позиції в пошукових системах.\n\nДодатково: Цей матеріал оптимізовано досвідченим SEO-спеціалістом, що допоможе залучити більше читачів та покращити позиції в пошукових системах.\n\nЧитайте детальний огляд подій, аналіз та експертні коментарі.\n\nЧитайте детальний огляд подій, аналіз та експертні коментарі.','Investopedia / Photo Illustration від Alice Morgan / Getty Images\nКлючові винос\nБеркшир Хетвейвей вступив на нову позицію в марках Modelo Maker Constellation у Q4 2024.\nКомпанія Buffett, яка сидить на рекордній грошовій купі, також збільшила ставки в ... [3611 chars]\n\nРозширено та оптимізовано для кращого сприйняття аудиторією. Цей матеріал містить додаткову аналітику та практичні рекомендації, що підвищують його інформативність та конкурентоспроможність на ринку новин.\n\nРозширено та оптимізовано для кращого сприйняття аудиторією. Цей матеріал містить додаткову аналітику та практичні рекомендації, що підвищують його інформативність та конкурентоспроможність на ринку новин.\n\n### Чому це важливо?\nЦя стаття розглядає ключові аспекти подій та їх вплив на різні сфери життя. Ви знайдете детальні роз’яснення, статистику та прогнози від провідних експертів.\n\n### Чому це важливо?\nЦя стаття розглядає ключові аспекти подій та їх вплив на різні сфери життя. Ви знайдете детальні роз’яснення, статистику та прогнози від провідних експертів.',2,'https://s.yimg.com/ny/api/res/1.2/9hivs.Pi9zzaRUxiB7EBkQ--/YXBwaWQ9aGlnaGxhbmRlcjt3PTEyMDA7aD04MDA-/https://media.zenfs.com/en/investopedia_245/a680eeb8af50c36358771f936a24dd16','2025-02-14 21:09:19','2025-02-19 00:40:00','2025-02-19 00:40:00'),(14,'Jameela Jamil каже, що стандарти краси для жінок залишаються \"нецензурними\" — огляд актуальних новин — огляд актуальних новин | Останні новини та аналіз | Останні новини та аналіз','jameela-jamil-says-beauty-standards-for-women-remain-obscene','Актриса та активістка Джамела Джаміль зібрала величезну кількість у всьому світі за її безкомпромісну адвокацію щодо позитивності тіла та психічного здоров’я, і вона використовує свою платформу, щоб кинути виклик впливу суспільства на стандарти краси та інклюзивність.\n\nДодатково: Цей матеріал оптимізовано досвідченим SEO-спеціалістом, що допоможе залучити більше читачів та покращити позиції в пошукових системах.\n\nДодатково: Цей матеріал оптимізовано досвідченим SEO-спеціалістом, що допоможе залучити більше читачів та покращити позиції в пошукових системах.\n\nЧитайте детальний огляд подій, аналіз та експертні коментарі.\n\nЧитайте детальний огляд подій, аналіз та експертні коментарі.','Актриса та активістка Джамела Джаміль зібрала величезну за собою у всьому світі за її безкомпромісну адвокацію щодо позитивності тіла, психічного здоров\'я та інклюзивності. Але вона каже, що стандарти краси для жінок, особливо в індустрії розваг, залишаються ... [2960 Chars]\n\nРозширено та оптимізовано для кращого сприйняття аудиторією. Цей матеріал містить додаткову аналітику та практичні рекомендації, що підвищують його інформативність та конкурентоспроможність на ринку новин.\n\nРозширено та оптимізовано для кращого сприйняття аудиторією. Цей матеріал містить додаткову аналітику та практичні рекомендації, що підвищують його інформативність та конкурентоспроможність на ринку новин.\n\n### Чому це важливо?\nЦя стаття розглядає ключові аспекти подій та їх вплив на різні сфери життя. Ви знайдете детальні роз’яснення, статистику та прогнози від провідних експертів.\n\n### Чому це важливо?\nЦя стаття розглядає ключові аспекти подій та їх вплив на різні сфери життя. Ви знайдете детальні роз’яснення, статистику та прогнози від провідних експертів.',2,'https://live-production.wcms.abc-cdn.net.au/c59155679def92877bd15d87300c6e36?impolicy=wcms_watermark_news&cropH=506&cropW=900&xPos=0&yPos=92&width=862&height=485&imformat=generic','2025-02-13 23:50:24','2025-02-19 00:40:00','2025-02-19 00:40:00'),(15,'Щоб відзначити 20 років кампанії за реальну красу, Голуб поновлює свою прихильність до \"реальної\" — огляд актуальних новин — огляд актуальних новин | Останні новини та аналіз | Останні новини та аналіз','to-mark-20-years-of-campaign-for-real-beauty-dove-renews-its-commitment-to-real','Оскільки штучний інтелект (AI) сьогодні загрожує представленню справжньої краси, Голуб зобов’язується ніколи не використовувати AI для представлення справжніх жінок у своїх оголошеннях.\n\nДодатково: Цей матеріал оптимізовано досвідченим SEO-спеціалістом, що допоможе залучити більше читачів та покращити позиції в пошукових системах.\n\nДодатково: Цей матеріал оптимізовано досвідченим SEO-спеціалістом, що допоможе залучити більше читачів та покращити позиції в пошукових системах.\n\nЧитайте детальний огляд подій, аналіз та експертні коментарі.\n\nЧитайте детальний огляд подій, аналіз та експертні коментарі.','Оскільки штучний інтелект (AI) сьогодні загрожує представленню справжньої краси, Голуб зобов’язується ніколи не використовувати AI для представлення справжніх жінок у своїх оголошеннях.\nЛондон, 10 квітня 2024 р. / Prnewswire / - 20 років тому, Голуб показав світові, як виглядає краса, що ... [8831 Chars]\n\nРозширено та оптимізовано для кращого сприйняття аудиторією. Цей матеріал містить додаткову аналітику та практичні рекомендації, що підвищують його інформативність та конкурентоспроможність на ринку новин.\n\nРозширено та оптимізовано для кращого сприйняття аудиторією. Цей матеріал містить додаткову аналітику та практичні рекомендації, що підвищують його інформативність та конкурентоспроможність на ринку новин.\n\n### Чому це важливо?\nЦя стаття розглядає ключові аспекти подій та їх вплив на різні сфери життя. Ви знайдете детальні роз’яснення, статистику та прогнози від провідних експертів.\n\n### Чому це важливо?\nЦя стаття розглядає ключові аспекти подій та їх вплив на різні сфери життя. Ви знайдете детальні роз’яснення, статистику та прогнози від провідних експертів.',2,'https://jimmyspost.com/wp-content/uploads/2024/04/TO-MARK-20-YEARS-OF-CAMPAIGN-FOR-REAL-BEAUTY-DOVE.jpg','2024-04-10 06:19:31','2025-02-19 00:40:00','2025-02-19 00:40:00'),(16,'Пара Plymouth Power виробляє найкращу команду краси Південного Заходу — огляд актуальних новин — огляд актуальних новин | Останні новини та аналіз | Останні новини та аналіз','plymouth-power-couple-produce-the-south-wests-best-beauty-team','Пара Плімута влаштувала нагородне салон краси в місті, а його команда краси були визнані найкращими на південному заході своїми задоволеними клієнтами\n\nДодатково: Цей матеріал оптимізовано досвідченим SEO-спеціалістом, що допоможе залучити більше читачів та покращити позиції в пошукових системах.\n\nДодатково: Цей матеріал оптимізовано досвідченим SEO-спеціалістом, що допоможе залучити більше читачів та покращити позиції в пошукових системах.\n\nЧитайте детальний огляд подій, аналіз та експертні коментарі.\n\nЧитайте детальний огляд подій, аналіз та експертні коментарі.','У нас більше бюлетенів\nЩось пішло не так, будь ласка, спробуйте пізніше.\nНедійсна електронна пошта щось пішло не так, будь ласка, спробуйте пізніше.\nОтримайте історії, які мають значення для нашої спільноти прямо до вашої поштової скриньки з нашим щоденним бюлетенем\nУ нас більше бюлетенів\n... [6867 Chars]\n\nРозширено та оптимізовано для кращого сприйняття аудиторією. Цей матеріал містить додаткову аналітику та практичні рекомендації, що підвищують його інформативність та конкурентоспроможність на ринку новин.\n\nРозширено та оптимізовано для кращого сприйняття аудиторією. Цей матеріал містить додаткову аналітику та практичні рекомендації, що підвищують його інформативність та конкурентоспроможність на ринку новин.\n\n### Чому це важливо?\nЦя стаття розглядає ключові аспекти подій та їх вплив на різні сфери життя. Ви знайдете детальні роз’яснення, статистику та прогнози від провідних експертів.\n\n### Чому це важливо?\nЦя стаття розглядає ключові аспекти подій та їх вплив на різні сфери життя. Ви знайдете детальні роз’яснення, статистику та прогнози від провідних експертів.',2,'https://i2-prod.plymouthherald.co.uk/incoming/article8615306.ece/ALTERNATES/s1200/2_K_O_DCP_DIA7.jpg','2023-07-20 10:28:46','2025-02-19 00:40:00','2025-02-19 00:40:00'),(17,'Думаєте, k-beauty-це тенденція? Подумайте ще раз. Це майбутнє — огляд актуальних новин — огляд актуальних новин | Останні новини та аналіз | Останні новини та аналіз','think-k-beauty-is-a-trend-think-again-its-the-future','Корейська індустрія краси - це глобальна золота шахта з абсолютно новим набором стандартів краси. Звіти Ханна Сун\n\nДодатково: Цей матеріал оптимізовано досвідченим SEO-спеціалістом, що допоможе залучити більше читачів та покращити позиції в пошукових системах.\n\nДодатково: Цей матеріал оптимізовано досвідченим SEO-спеціалістом, що допоможе залучити більше читачів та покращити позиції в пошукових системах.\n\nЧитайте детальний огляд подій, аналіз та експертні коментарі.\n\nЧитайте детальний огляд подій, аналіз та експертні коментарі.','Відкрийте цю фотографію в галереї: Istockphoto / Getty Images\nВиростаючи у вісімдесятих у Торонто, щоразу, коли ми ходили відвідувати сім\'ю в Південній Кореї, моя мама запакувала наші валізи подарунками, включаючи найкращу косметику, яку ми могли собі дозволити, куплену в Ітоні .... [9978 Chars]\n\nРозширено та оптимізовано для кращого сприйняття аудиторією. Цей матеріал містить додаткову аналітику та практичні рекомендації, що підвищують його інформативність та конкурентоспроможність на ринку новин.\n\nРозширено та оптимізовано для кращого сприйняття аудиторією. Цей матеріал містить додаткову аналітику та практичні рекомендації, що підвищують його інформативність та конкурентоспроможність на ринку новин.\n\n### Чому це важливо?\nЦя стаття розглядає ключові аспекти подій та їх вплив на різні сфери життя. Ви знайдете детальні роз’яснення, статистику та прогнози від провідних експертів.\n\n### Чому це важливо?\nЦя стаття розглядає ключові аспекти подій та їх вплив на різні сфери життя. Ви знайдете детальні роз’яснення, статистику та прогнози від провідних експертів.',2,'https://www.theglobeandmail.com/resizer/WIUT4JgqVjULpTZjOY3NW3CrjS4=/1200x800/filters:quality(80)/cloudfront-us-east-1.images.arcpublishing.com/tgam/YEBCNRPSTZAAJGO3B7DEJN3XUY.jpg','2023-07-08 08:00:00','2025-02-19 00:40:00','2025-02-19 00:40:00'),(18,'Сучасна біла естетична тенденція: 8 дизайну, які демонструють, чому архітектори люблять цей класичний колір — огляд актуальних новин — огляд актуальних новин | Останні новини та аналіз | Останні новини та аналіз','the-modern-white-aesthetic-trend-8-designs-that-showcase-why-architects-love-this-classic-color-1','Сучасна біла естетична тенденція: 8 дизайну, які демонструють, чому архітектори люблять цю класичну сучасну архітектуру Colorin, Білий став домінуючою силою, перетворюючи скеліни та переосмислюючи сучасну естетику будівлі. Як архітектурний ентузіаз ...\n\nДодатково: Цей матеріал оптимізовано досвідченим SEO-спеціалістом, що допоможе залучити більше читачів та покращити позиції в пошукових системах.\n\nДодатково: Цей матеріал оптимізовано досвідченим SEO-спеціалістом, що допоможе залучити більше читачів та покращити позиції в пошукових системах.\n\nЧитайте детальний огляд подій, аналіз та експертні коментарі.\n\nЧитайте детальний огляд подій, аналіз та експертні коментарі.','У сучасній архітектурі Білий став домінуючою силою, перетворюючи скайліни та переосмислюючи сучасну естетику будівлі. Як архітектурний ентузіаст, який відстежує глобальні тенденції дизайну, я… [+12463 chars]\n\nРозширено та оптимізовано для кращого сприйняття аудиторією. Цей матеріал містить додаткову аналітику та практичні рекомендації, що підвищують його інформативність та конкурентоспроможність на ринку новин.\n\nРозширено та оптимізовано для кращого сприйняття аудиторією. Цей матеріал містить додаткову аналітику та практичні рекомендації, що підвищують його інформативність та конкурентоспроможність на ринку новин.\n\n### Чому це важливо?\nЦя стаття розглядає ключові аспекти подій та їх вплив на різні сфери життя. Ви знайдете детальні роз’яснення, статистику та прогнози від провідних експертів.\n\n### Чому це важливо?\nЦя стаття розглядає ключові аспекти подій та їх вплив на різні сфери життя. Ви знайдете детальні роз’яснення, статистику та прогнози від провідних експертів.',1,'https://www.yankodesign.com/images/design_news/2025/02/why-white-color-is-dominating-modern-building-design/White-Colour_Architecture_Buildings_Importance_29.jpg','2025-02-15 14:20:26','2025-02-19 04:41:48','2025-02-19 04:41:48'),(19,'Українські пілоти безпілотників, які не вражають російським анти-FPV тунелем — огляд актуальних новин — огляд актуальних новин | Останні новини та аналіз | Останні новини та аналіз','ukrainian-drone-pilots-unimpressed-by-russias-anti-fpv-tunnel-1','Російські сили будують чистий тунель над дорогою для захисту своїх транспортних засобів - українських операторів безпілотників вже знають, як вони вирішать це.\n\nДодатково: Цей матеріал оптимізовано досвідченим SEO-спеціалістом, що допоможе залучити більше читачів та покращити позиції в пошукових системах.\n\nДодатково: Цей матеріал оптимізовано досвідченим SEO-спеціалістом, що допоможе залучити більше читачів та покращити позиції в пошукових системах.\n\nЧитайте детальний огляд подій, аналіз та експертні коментарі.\n\nЧитайте детальний огляд подій, аналіз та експертні коментарі.','Російські сили побудували тунель, що триває в милю, як захист від безпілотників FPV.,\r\nРосійська телеграма\r\nАтаки безпілотників FPV на російську логістику є ключовим аспектом війни. Обійти оборони, th… [+7948 chars]\n\nРозширено та оптимізовано для кращого сприйняття аудиторією. Цей матеріал містить додаткову аналітику та практичні рекомендації, що підвищують його інформативність та конкурентоспроможність на ринку новин.\n\nРозширено та оптимізовано для кращого сприйняття аудиторією. Цей матеріал містить додаткову аналітику та практичні рекомендації, що підвищують його інформативність та конкурентоспроможність на ринку новин.\n\n### Чому це важливо?\nЦя стаття розглядає ключові аспекти подій та їх вплив на різні сфери життя. Ви знайдете детальні роз’яснення, статистику та прогнози від провідних експертів.\n\n### Чому це важливо?\nЦя стаття розглядає ключові аспекти подій та їх вплив на різні сфери життя. Ви знайдете детальні роз’яснення, статистику та прогнози від провідних експертів.',1,'https://imageio.forbes.com/specials-images/imageserve/67b33efbdbaf865c6d784e30/0x0.jpg?format=jpg&height=900&width=1600&fit=bounds','2025-02-17 12:09:26','2025-02-19 04:41:48','2025-02-19 04:41:48'),(20,'Україна Будівництво нового святкового курорту в Західних Карпатських горах — огляд актуальних новин | Останні новини та аналіз','ukraine-building-new-holiday-resort-in-western-carpathian-mountains-1','Україна, можливо, відбиваються від повномасштабного російського вторгнення, але абсолютно новий святковий курорт формується у західних Карпатських горах. Це запропонує ...\n\nДодатково: Цей матеріал оптимізовано досвідченим SEO-спеціалістом, що допоможе залучити більше читачів та покращити позиції в пошукових системах.\n\nЧитайте детальний огляд подій, аналіз та експертні коментарі.','Україна, можливо, відбиваються від повномасштабного російського вторгнення, але абсолютно новий святковий курорт формується у західних Карпатських горах.\r\nВін запропонує 25 готелів з більш ніж 5000 номерів, в… [+748 chars]\n\nРозширено та оптимізовано для кращого сприйняття аудиторією. Цей матеріал містить додаткову аналітику та практичні рекомендації, що підвищують його інформативність та конкурентоспроможність на ринку новин.\n\n### Чому це важливо?\nЦя стаття розглядає ключові аспекти подій та їх вплив на різні сфери життя. Ви знайдете детальні роз’яснення, статистику та прогнози від провідних експертів.',1,'https://media.zenfs.com/en/dpa_international_526/d1b2fae90ed0ef07d3ec56753721a646','2025-02-12 15:15:23','2025-02-19 04:41:48','2025-02-19 04:41:48'),(21,'Контракт на будівництво (Võru дитячий садок Червона шапка) — огляд актуальних новин — огляд актуальних новин | Останні новини та аналіз | Останні новини та аналіз','construction-contract-voru-kindergarten-punamutsike-1','Як компанія Nordecon Group Embach Ehitus Oü та міська влада Врус підписали контракт на будівництво дитячого садка Пунамюсіка, розташованого в Вілджі 10, Вру. Загальна вартість контракту становить 6,37 мільйона євро без ПДВ, а роботи будуть завершені ...\n\nДодатково: Цей матеріал оптимізовано досвідченим SEO-спеціалістом, що допоможе залучити більше читачів та покращити позиції в пошукових системах.\n\nДодатково: Цей матеріал оптимізовано досвідченим SEO-спеціалістом, що допоможе залучити більше читачів та покращити позиції в пошукових системах.\n\nЧитайте детальний огляд подій, аналіз та експертні коментарі.\n\nЧитайте детальний огляд подій, аналіз та експертні коментарі.','Як компанія Nordecon Group Embach Ehitus Oü та міська влада Врус підписали контракт на будівництво дитячого садка Пунамюсіка, розташованого в Вілджі 10, Вру. Загальна вартість контракту становить 6.… [+787 chars]\n\nРозширено та оптимізовано для кращого сприйняття аудиторією. Цей матеріал містить додаткову аналітику та практичні рекомендації, що підвищують його інформативність та конкурентоспроможність на ринку новин.\n\nРозширено та оптимізовано для кращого сприйняття аудиторією. Цей матеріал містить додаткову аналітику та практичні рекомендації, що підвищують його інформативність та конкурентоспроможність на ринку новин.\n\n### Чому це важливо?\nЦя стаття розглядає ключові аспекти подій та їх вплив на різні сфери життя. Ви знайдете детальні роз’яснення, статистику та прогнози від провідних експертів.\n\n### Чому це важливо?\nЦя стаття розглядає ключові аспекти подій та їх вплив на різні сфери життя. Ви знайдете детальні роз’яснення, статистику та прогнози від провідних експертів.',1,'https://ml-eu.globenewswire.com/Resource/Download/d05ecf93-2d8c-458b-a25b-842e1c4fac07','2025-02-12 12:42:00','2025-02-19 04:41:48','2025-02-19 04:41:48'),(22,'Звіт про прогноз ринку будівельного обладнання Бельгії 2025-2030: Стратегія водню в Бельгії щодо збільшення ринку будівельного обладнання Бельгії - розмір ринку до 20 927 одиниць до 2030 року — огляд актуальних новин — огляд актуальних новин | Останні новини та аналіз | Останні новини та аналіз','belgium-construction-equipment-market-forecast-report-2025-2030-belgiums-hydrogen-strategy-to-boost-the-belgium-construction-equipment-market-market-size-to-reach-16927-units-by-2030-1','Caterpillar, Liebherr, Komatsu, Volvo та Hitachi Construction Machinery - передні бігуни на ринку будівельного обладнання Бельгії. Ці компанії мають сильну частку ринку та пропонують різноманітні набори обладнання на бельгійському ринку.Terex, Tadano, Ku…\n\nДодатково: Цей матеріал оптимізовано досвідченим SEO-спеціалістом, що допоможе залучити більше читачів та покращити позиції в пошукових системах.\n\nДодатково: Цей матеріал оптимізовано досвідченим SEO-спеціалістом, що допоможе залучити більше читачів та покращити позиції в пошукових системах.\n\nЧитайте детальний огляд подій, аналіз та експертні коментарі.\n\nЧитайте детальний огляд подій, аналіз та експертні коментарі.','Дублін, 13 лютого 2025 р. (Globe Newswire) - до звіту \"Ринок будівництва Бельгії - стратегічна оцінка та прогноз 2025-2030\".\r\n… [+11815 chars]\n\nРозширено та оптимізовано для кращого сприйняття аудиторією. Цей матеріал містить додаткову аналітику та практичні рекомендації, що підвищують його інформативність та конкурентоспроможність на ринку новин.\n\nРозширено та оптимізовано для кращого сприйняття аудиторією. Цей матеріал містить додаткову аналітику та практичні рекомендації, що підвищують його інформативність та конкурентоспроможність на ринку новин.\n\n### Чому це важливо?\nЦя стаття розглядає ключові аспекти подій та їх вплив на різні сфери життя. Ви знайдете детальні роз’яснення, статистику та прогнози від провідних експертів.\n\n### Чому це важливо?\nЦя стаття розглядає ключові аспекти подій та їх вплив на різні сфери життя. Ви знайдете детальні роз’яснення, статистику та прогнози від провідних експертів.',1,'https://ml.globenewswire.com/Resource/Download/908fb457-7f8e-4a08-9081-5565e3dfb3d7','2025-02-13 16:19:00','2025-02-19 04:41:48','2025-02-19 04:41:48'),(23,'У всьому світі база даних на березі на берегах/офшорних вітроелектростанціях 2025: Розташування, турбіни, гравці, статус будівництва — огляд актуальних новин — огляд актуальних новин | Останні новини та аналіз | Останні новини та аналіз','worldwide-onshoreoffshore-wind-farms-database-2025-location-turbines-players-construction-status-1','Дублін, 13 лютого 2025 р. (Globe Newswire) - База даних \"База даних Всесвітньої вітроелектростанції\" додана до пропозиції досліджень тарифів. , 5 ГВт ...\n\nДодатково: Цей матеріал оптимізовано досвідченим SEO-спеціалістом, що допоможе залучити більше читачів та покращити позиції в пошукових системах.\n\nДодатково: Цей матеріал оптимізовано досвідченим SEO-спеціалістом, що допоможе залучити більше читачів та покращити позиції в пошукових системах.\n\nЧитайте детальний огляд подій, аналіз та експертні коментарі.\n\nЧитайте детальний огляд подій, аналіз та експертні коментарі.','DUBLIN, 13 лютого 2025 р. (Globe Newswire) - до пропозиції \"база даних вітроелектростанцій\" у всьому світі \"база даних про вітроелектростанції\" додана.\r\nЦя база даних Всесвітніх вітроелектростанцій включає 41850 записів у 1… [+3360 chars]\n\nРозширено та оптимізовано для кращого сприйняття аудиторією. Цей матеріал містить додаткову аналітику та практичні рекомендації, що підвищують його інформативність та конкурентоспроможність на ринку новин.\n\nРозширено та оптимізовано для кращого сприйняття аудиторією. Цей матеріал містить додаткову аналітику та практичні рекомендації, що підвищують його інформативність та конкурентоспроможність на ринку новин.\n\n### Чому це важливо?\nЦя стаття розглядає ключові аспекти подій та їх вплив на різні сфери життя. Ви знайдете детальні роз’яснення, статистику та прогнози від провідних експертів.\n\n### Чому це важливо?\nЦя стаття розглядає ключові аспекти подій та їх вплив на різні сфери життя. Ви знайдете детальні роз’яснення, статистику та прогнози від провідних експертів.',1,'https://ml.globenewswire.com/Resource/Download/908fb457-7f8e-4a08-9081-5565e3dfb3d7','2025-02-13 14:23:00','2025-02-19 04:41:48','2025-02-19 04:41:48'),(24,'Моді, Макрон обговорює шляхи поглиблення оборонних зв\'язків; Ласкаво просимо введення в експлуатацію підводних човнів — огляд актуальних новин — огляд актуальних новин | Останні новини та аналіз | Останні новини та аналіз','modi-macron-discuss-ways-to-deepen-defence-ties-welcome-commissioning-of-submarine-ins-vaghsheer-1','Прем\'єр -міністр Нарендра Моді та президент Франції Еммануель Макрон висвітлили прогрес у галузі оборонного співробітництва, особливо при будівництві підводних човнів Скорпан в Індії. Вони обговорювали співпрацю над ракетами, вертольотами та реактивними двигунами ...\n\nДодатково: Цей матеріал оптимізовано досвідченим SEO-спеціалістом, що допоможе залучити більше читачів та покращити позиції в пошукових системах.\n\nДодатково: Цей матеріал оптимізовано досвідченим SEO-спеціалістом, що допоможе залучити більше читачів та покращити позиції в пошукових системах.\n\nЧитайте детальний огляд подій, аналіз та експертні коментарі.\n\nЧитайте детальний огляд подій, аналіз та експертні коментарі.','Наголошуючи на \"глибокому та давньому\" оборонному співробітництві, прем\'єр-міністр Нарендра Моді та президент Франції Еммануель Макрон у середу похвалили прогрес у співпраці у будівництві ... [+2904 Chars]\n\nРозширено та оптимізовано для кращого сприйняття аудиторією. Цей матеріал містить додаткову аналітику та практичні рекомендації, що підвищують його інформативність та конкурентоспроможність на ринку новин.\n\nРозширено та оптимізовано для кращого сприйняття аудиторією. Цей матеріал містить додаткову аналітику та практичні рекомендації, що підвищують його інформативність та конкурентоспроможність на ринку новин.\n\n### Чому це важливо?\nЦя стаття розглядає ключові аспекти подій та їх вплив на різні сфери життя. Ви знайдете детальні роз’яснення, статистику та прогнози від провідних експертів.\n\n### Чому це важливо?\nЦя стаття розглядає ключові аспекти подій та їх вплив на різні сфери життя. Ви знайдете детальні роз’яснення, статистику та прогнози від провідних експертів.',1,'https://img.etimg.com/thumb/msid-118185119,width-1200,height-630,imgsize-59710,overlay-etdefence/articleshow.jpg','2025-02-12 14:01:26','2025-02-19 04:41:48','2025-02-19 04:41:48'),(25,'Уна Хілі розкриває улюблений Lidl Beauty Dupe, і це 69 євро дешевше, ніж вірусний продукт Tiktok — огляд актуальних новин — огляд актуальних новин | Останні новини та аналіз | Останні новини та аналіз','una-healy-reveals-favourite-lidl-beauty-dupe-and-its-eur69-cheaper-than-viral-tiktok-product-1','Уна Хілі розкрила свою улюблену Lidl Beauty Dupe, і це коштує на 69 євро менше, ніж вірусний продукт волосся Tiktok. Колишня зірка суботи стала\n\nДодатково: Цей матеріал оптимізовано досвідченим SEO-спеціалістом, що допоможе залучити більше читачів та покращити позиції в пошукових системах.\n\nДодатково: Цей матеріал оптимізовано досвідченим SEO-спеціалістом, що допоможе залучити більше читачів та покращити позиції в пошукових системах.\n\nЧитайте детальний огляд подій, аналіз та експертні коментарі.\n\nЧитайте детальний огляд подій, аналіз та експертні коментарі.','Уна Хілі розкрила свою улюблену Lidl Beauty Dupe, і це коштує на 69 євро менше, ніж вірусний продукт волосся Tiktok.\nКолишня зірка суботи стала останнім шанувальником абсолютно нової лінійки розкішних продуктів краси та догляду за шкірою.\n3 ... [2989 Chars]\n\nРозширено та оптимізовано для кращого сприйняття аудиторією. Цей матеріал містить додаткову аналітику та практичні рекомендації, що підвищують його інформативність та конкурентоспроможність на ринку новин.\n\nРозширено та оптимізовано для кращого сприйняття аудиторією. Цей матеріал містить додаткову аналітику та практичні рекомендації, що підвищують його інформативність та конкурентоспроможність на ринку новин.\n\n### Чому це важливо?\nЦя стаття розглядає ключові аспекти подій та їх вплив на різні сфери життя. Ви знайдете детальні роз’яснення, статистику та прогнози від провідних експертів.\n\n### Чому це важливо?\nЦя стаття розглядає ключові аспекти подій та їх вплив на різні сфери життя. Ви знайдете детальні роз’яснення, статистику та прогнози від провідних експертів.',2,'https://www.thesun.ie/wp-content/uploads/sites/3/2025/02/newspress-collage-4av930e4k-1739912951756.jpg?1739912945&strip=all&quality=100&w=1920&h=1080&crop=1','2025-02-18 21:43:57','2025-02-19 04:41:49','2025-02-19 04:41:49'),(26,'Марки та Спенсер безкоштовно дарують догляд за доглядом за 100 фунтів стерлінгів як частина краси — огляд актуальних новин — огляд актуальних новин | Останні новини та аналіз | Останні новини та аналіз','marks-and-spencer-is-giving-away-ps100-worth-of-premium-skincare-for-free-as-part-of-beauty-deal-1','Обмежене видання та Спенсер, зроблені для коробки краси ікони, упаковані з преміум -косметичними продуктами на суму понад 130 фунтів стерлінгів - і можуть бути вашим всього за 30 фунтів стерлінгів\n\nДодатково: Цей матеріал оптимізовано досвідченим SEO-спеціалістом, що допоможе залучити більше читачів та покращити позиції в пошукових системах.\n\nДодатково: Цей матеріал оптимізовано досвідченим SEO-спеціалістом, що допоможе залучити більше читачів та покращити позиції в пошукових системах.\n\nЧитайте детальний огляд подій, аналіз та експертні коментарі.\n\nЧитайте детальний огляд подій, аналіз та експертні коментарі.','Ентузіасти краси можуть зафіксувати преміум -преміум -преміум -песувальні продукти від топ -брендів, таких як Clinique, Floral Street та L\'Occitane на Marks and Spencer цього тижня.\nРоздрібний продавець високої вулиці оприлюднив нову коробку краси, наповнену 130 фунтів стерлінгів ... [2717 Chars]\n\nРозширено та оптимізовано для кращого сприйняття аудиторією. Цей матеріал містить додаткову аналітику та практичні рекомендації, що підвищують його інформативність та конкурентоспроможність на ринку новин.\n\nРозширено та оптимізовано для кращого сприйняття аудиторією. Цей матеріал містить додаткову аналітику та практичні рекомендації, що підвищують його інформативність та конкурентоспроможність на ринку новин.\n\n### Чому це важливо?\nЦя стаття розглядає ключові аспекти подій та їх вплив на різні сфери життя. Ви знайдете детальні роз’яснення, статистику та прогнози від провідних експертів.\n\n### Чому це важливо?\nЦя стаття розглядає ключові аспекти подій та їх вплив на різні сфери життя. Ви знайдете детальні роз’яснення, статистику та прогнози від провідних експертів.',2,'https://i2-prod.birminghammail.co.uk/news/uk-news/article31027319.ece/ALTERNATES/s1200/0_Untitled-design-2025-02-17T084754684.jpg','2025-02-18 08:37:21','2025-02-19 04:41:49','2025-02-19 04:41:49'),(27,'Вагітна телевізійна зірка та колишня Місс Азія Красуня вмирає у віці 33 років після публікації сердечного вмираючого повідомлення шанувальникам — огляд актуальних новин — огляд актуальних новин | Останні новини та аналіз | Останні новини та аналіз','pregnant-tv-star-ex-miss-asia-beauty-queen-dies-aged-33-after-posting-heartbreaking-dying-message-to-fans-1','Колишня королева краси Міс Азії трагічно померла після того, як опублікував серцебитне вмираюче повідомлення своїм шанувальникам у соціальних медіа.\n\nДодатково: Цей матеріал оптимізовано досвідченим SEO-спеціалістом, що допоможе залучити більше читачів та покращити позиції в пошукових системах.\n\nДодатково: Цей матеріал оптимізовано досвідченим SEO-спеціалістом, що допоможе залучити більше читачів та покращити позиції в пошукових системах.\n\nЧитайте детальний огляд подій, аналіз та експертні коментарі.\n\nЧитайте детальний огляд подій, аналіз та експертні коментарі.','Колишня королева краси Міс Азії трагічно померла після того, як опублікував сердечне вмираюче повідомлення своїм шанувальникам у соціальних мережах.\n33 -річна телевізійна зірка Ангі Морад страждала від вірусної інфекції, яку вона захворіла під час другої вагітності.\n4 телевізійна зірка Ангі Морад ... [2188 Chars]\n\nРозширено та оптимізовано для кращого сприйняття аудиторією. Цей матеріал містить додаткову аналітику та практичні рекомендації, що підвищують його інформативність та конкурентоспроможність на ринку новин.\n\nРозширено та оптимізовано для кращого сприйняття аудиторією. Цей матеріал містить додаткову аналітику та практичні рекомендації, що підвищують його інформативність та конкурентоспроможність на ринку новин.\n\n### Чому це важливо?\nЦя стаття розглядає ключові аспекти подій та їх вплив на різні сфери життя. Ви знайдете детальні роз’яснення, статистику та прогнози від провідних експертів.\n\n### Чому це важливо?\nЦя стаття розглядає ключові аспекти подій та їх вплив на різні сфери життя. Ви знайдете детальні роз’яснення, статистику та прогнози від провідних експертів.',2,'https://www.thesun.ie/wp-content/uploads/sites/3/2025/02/newspress-collage-pfkyxumy5-1739815990427.jpg?1739816984&strip=all&quality=100&w=1920&h=1080&crop=1','2025-02-17 16:26:18','2025-02-19 04:41:49','2025-02-19 04:41:49'),(28,'Ізабелла Росселліні приєднується до \"Красуні\" Райана Мерфі — огляд актуальних новин — огляд актуальних новин | Останні новини та аналіз | Останні новини та аналіз','isabella-rossellini-joins-ryan-murphys-the-beauty-1','Номінант \"Висновки\" Оскара Ізабелла Росселліні приєдналася до Евана Петерса, Ештона Катчера та Ребекки Холл у серії FX Райана Мерфі \"Краса\".\n\nДодатково: Цей матеріал оптимізовано досвідченим SEO-спеціалістом, що допоможе залучити більше читачів та покращити позиції в пошукових системах.\n\nДодатково: Цей матеріал оптимізовано досвідченим SEO-спеціалістом, що допоможе залучити більше читачів та покращити позиції в пошукових системах.\n\nЧитайте детальний огляд подій, аналіз та експертні коментарі.\n\nЧитайте детальний огляд подій, аналіз та експертні коментарі.','Ізабелла Росселліні приєдналася до майбутньої серії FX \"Краса\" Райана Мерфі \"Красуня\" у ролі, що повторюється гостьовою роллю, дізналася різноманітність.\nЗірка \"Blue Velvet\" та \"Конклав\" номінант \"Оскар\" приєднується до раніше оголошених серійних лідерів Еван Пітерс, Ештон Катчер, ... [1789 Чарс]\n\nРозширено та оптимізовано для кращого сприйняття аудиторією. Цей матеріал містить додаткову аналітику та практичні рекомендації, що підвищують його інформативність та конкурентоспроможність на ринку новин.\n\nРозширено та оптимізовано для кращого сприйняття аудиторією. Цей матеріал містить додаткову аналітику та практичні рекомендації, що підвищують його інформативність та конкурентоспроможність на ринку новин.\n\n### Чому це важливо?\nЦя стаття розглядає ключові аспекти подій та їх вплив на різні сфери життя. Ви знайдете детальні роз’яснення, статистику та прогнози від провідних експертів.\n\n### Чому це важливо?\nЦя стаття розглядає ключові аспекти подій та їх вплив на різні сфери життя. Ви знайдете детальні роз’яснення, статистику та прогнози від провідних експертів.',2,'https://variety.com/wp-content/uploads/2025/02/GettyImages-1756356584-e1739655191358.jpg?crop=0px%2C50px%2C1777px%2C1000px&resize=1000%2C563','2025-02-15 21:23:31','2025-02-19 04:41:49','2025-02-19 04:41:49'),(29,'Салон волосся та краси з «розслабляючим середовищем» відкривається в Ковентрі — огляд актуальних новин — огляд актуальних новин | Останні новини та аналіз | Останні новини та аналіз','hair-and-beauty-salon-with-relaxing-environment-opens-in-coventry-1','Волосся та красу Seerat зараз відкриті на Бінлі -роуді\n\nДодатково: Цей матеріал оптимізовано досвідченим SEO-спеціалістом, що допоможе залучити більше читачів та покращити позиції в пошукових системах.\n\nДодатково: Цей матеріал оптимізовано досвідченим SEO-спеціалістом, що допоможе залучити більше читачів та покращити позиції в пошукових системах.\n\nЧитайте детальний огляд подій, аналіз та експертні коментарі.\n\nЧитайте детальний огляд подій, аналіз та експертні коментарі.','Щось пішло не так, будь ласка, спробуйте пізніше.\nНедійсна електронна пошта щось пішло не так, будь ласка, спробуйте пізніше.\nНаші безкоштовні оновлення електронної пошти - найкращий спосіб отримати заголовки безпосередньо на вашу поштову скриньку\nЩось пішло не так, будь ласка, спробуйте пізніше.\nНаша безкоштовна електронна пошта ... [1491 chars]\n\nРозширено та оптимізовано для кращого сприйняття аудиторією. Цей матеріал містить додаткову аналітику та практичні рекомендації, що підвищують його інформативність та конкурентоспроможність на ринку новин.\n\nРозширено та оптимізовано для кращого сприйняття аудиторією. Цей матеріал містить додаткову аналітику та практичні рекомендації, що підвищують його інформативність та конкурентоспроможність на ринку новин.\n\n### Чому це важливо?\nЦя стаття розглядає ключові аспекти подій та їх вплив на різні сфери життя. Ви знайдете детальні роз’яснення, статистику та прогнози від провідних експертів.\n\n### Чому це важливо?\nЦя стаття розглядає ключові аспекти подій та їх вплив на різні сфери життя. Ви знайдете детальні роз’яснення, статистику та прогнози від провідних експертів.',2,'https://i2-prod.glasgowlive.co.uk/incoming/article13487933.ece/ALTERNATES/s1200/0_JS121250609.jpg','2025-02-15 03:25:00','2025-02-19 04:41:49','2025-02-19 04:41:49'),(30,'Уоррен Баффетт ставок на виробника пива Modelo, вийшов з краси ульта-хом, його портфоліо змінився в кварталі — огляд актуальних новин — огляд актуальних новин | Останні новини та аналіз | Останні новини та аналіз','warren-buffett-bet-on-modelo-beer-maker-exited-ulta-beauty-how-his-portfolio-changed-in-q4-1','Беркширський Хетвейвей Уоррена Баффетта вступив на нову позицію в брендах сузір\'я пиво та спиртних напоїв у четвертому кварталі 2024 року, при цьому обрізавши кілька ставок та виходить з краси Ульта.\n\nДодатково: Цей матеріал оптимізовано досвідченим SEO-спеціалістом, що допоможе залучити більше читачів та покращити позиції в пошукових системах.\n\nДодатково: Цей матеріал оптимізовано досвідченим SEO-спеціалістом, що допоможе залучити більше читачів та покращити позиції в пошукових системах.\n\nЧитайте детальний огляд подій, аналіз та експертні коментарі.\n\nЧитайте детальний огляд подій, аналіз та експертні коментарі.','Investopedia / Photo Illustration від Alice Morgan / Getty Images\nКлючові винос\nБеркшир Хетвейвей вступив на нову позицію в марках Modelo Maker Constellation у Q4 2024.\nКомпанія Buffett, яка сидить на рекордній грошовій купі, також збільшила ставки в ... [3611 chars]\n\nРозширено та оптимізовано для кращого сприйняття аудиторією. Цей матеріал містить додаткову аналітику та практичні рекомендації, що підвищують його інформативність та конкурентоспроможність на ринку новин.\n\nРозширено та оптимізовано для кращого сприйняття аудиторією. Цей матеріал містить додаткову аналітику та практичні рекомендації, що підвищують його інформативність та конкурентоспроможність на ринку новин.\n\n### Чому це важливо?\nЦя стаття розглядає ключові аспекти подій та їх вплив на різні сфери життя. Ви знайдете детальні роз’яснення, статистику та прогнози від провідних експертів.\n\n### Чому це важливо?\nЦя стаття розглядає ключові аспекти подій та їх вплив на різні сфери життя. Ви знайдете детальні роз’яснення, статистику та прогнози від провідних експертів.',2,'https://s.yimg.com/ny/api/res/1.2/9hivs.Pi9zzaRUxiB7EBkQ--/YXBwaWQ9aGlnaGxhbmRlcjt3PTEyMDA7aD04MDA-/https://media.zenfs.com/en/investopedia_245/a680eeb8af50c36358771f936a24dd16','2025-02-14 21:09:19','2025-02-19 04:41:49','2025-02-19 04:41:49'),(31,'Jameela Jamil каже, що стандарти краси для жінок залишаються \"нецензурними\" — огляд актуальних новин — огляд актуальних новин | Останні новини та аналіз | Останні новини та аналіз','jameela-jamil-says-beauty-standards-for-women-remain-obscene-1','Актриса та активістка Джамела Джаміль зібрала величезну кількість у всьому світі за її безкомпромісну адвокацію щодо позитивності тіла та психічного здоров’я, і вона використовує свою платформу, щоб кинути виклик впливу суспільства на стандарти краси та інклюзивність.\n\nДодатково: Цей матеріал оптимізовано досвідченим SEO-спеціалістом, що допоможе залучити більше читачів та покращити позиції в пошукових системах.\n\nДодатково: Цей матеріал оптимізовано досвідченим SEO-спеціалістом, що допоможе залучити більше читачів та покращити позиції в пошукових системах.\n\nЧитайте детальний огляд подій, аналіз та експертні коментарі.\n\nЧитайте детальний огляд подій, аналіз та експертні коментарі.','Актриса та активістка Джамела Джаміль зібрала величезну за собою у всьому світі за її безкомпромісну адвокацію щодо позитивності тіла, психічного здоров\'я та інклюзивності. Але вона каже, що стандарти краси для жінок, особливо в індустрії розваг, залишаються ... [2960 Chars]\n\nРозширено та оптимізовано для кращого сприйняття аудиторією. Цей матеріал містить додаткову аналітику та практичні рекомендації, що підвищують його інформативність та конкурентоспроможність на ринку новин.\n\nРозширено та оптимізовано для кращого сприйняття аудиторією. Цей матеріал містить додаткову аналітику та практичні рекомендації, що підвищують його інформативність та конкурентоспроможність на ринку новин.\n\n### Чому це важливо?\nЦя стаття розглядає ключові аспекти подій та їх вплив на різні сфери життя. Ви знайдете детальні роз’яснення, статистику та прогнози від провідних експертів.\n\n### Чому це важливо?\nЦя стаття розглядає ключові аспекти подій та їх вплив на різні сфери життя. Ви знайдете детальні роз’яснення, статистику та прогнози від провідних експертів.',2,'https://live-production.wcms.abc-cdn.net.au/c59155679def92877bd15d87300c6e36?impolicy=wcms_watermark_news&cropH=506&cropW=900&xPos=0&yPos=92&width=862&height=485&imformat=generic','2025-02-13 23:50:24','2025-02-19 04:41:49','2025-02-19 04:41:49'),(32,'Зустріньте Октавію Морган: Трейлблейзер за першим престижним ароматом Ulta Beauty — огляд актуальних новин — огляд актуальних новин | Останні новини та аналіз | Останні новини та аналіз','meet-octavia-morgan-the-trailblazer-behind-ulta-beautys-first-black-woman-owned-prestige-fragrance','Маючи досвід сестринської справи та пристрасть до чистої краси, Октавія Морган переосмислює індустрію ароматів - один новаторський аромат за один раз.\n\nДодатково: Цей матеріал оптимізовано досвідченим SEO-спеціалістом, що допоможе залучити більше читачів та покращити позиції в пошукових системах.\n\nДодатково: Цей матеріал оптимізовано досвідченим SEO-спеціалістом, що допоможе залучити більше читачів та покращити позиції в пошукових системах.\n\nЧитайте детальний огляд подій, аналіз та експертні коментарі.\n\nЧитайте детальний огляд подій, аналіз та експертні коментарі.','Моя перша пам’ять про аромат - це Кароліна Еррера моєї матері - сильний, білий квітковий аромат, який був виразно її.\nХоча це не мій улюблений профіль аромату, це було моє вступ до сили запаху та важливість парфумів як частини B ... [4636 Chars]\n\nРозширено та оптимізовано для кращого сприйняття аудиторією. Цей матеріал містить додаткову аналітику та практичні рекомендації, що підвищують його інформативність та конкурентоспроможність на ринку новин.\n\nРозширено та оптимізовано для кращого сприйняття аудиторією. Цей матеріал містить додаткову аналітику та практичні рекомендації, що підвищують його інформативність та конкурентоспроможність на ринку новин.\n\n### Чому це важливо?\nЦя стаття розглядає ключові аспекти подій та їх вплив на різні сфери життя. Ви знайдете детальні роз’яснення, статистику та прогнози від провідних експертів.\n\n### Чому це важливо?\nЦя стаття розглядає ключові аспекти подій та їх вплив на різні сфери життя. Ви знайдете детальні роз’яснення, статистику та прогнози від провідних експертів.',2,'https://www.essence.com/wp-content/uploads/2025/02/Screen-Shot-2025-02-10-at-12.31.59-PM.png','2025-02-10 15:36:17','2025-02-19 04:41:49','2025-02-19 04:41:49'),(33,'Ці Муас змінюють стандарти краси для дівчат з шоколадом скрізь — огляд актуальних новин — огляд актуальних новин | Останні новини та аналіз | Останні новини та аналіз','these-muas-are-changing-beauty-standards-for-chocolate-girls-everywhere','Чотири художники -візажисті обговорюють свою пристрасть до демонстрації чорної краси через макіяж.\n\nДодатково: Цей матеріал оптимізовано досвідченим SEO-спеціалістом, що допоможе залучити більше читачів та покращити позиції в пошукових системах.\n\nДодатково: Цей матеріал оптимізовано досвідченим SEO-спеціалістом, що допоможе залучити більше читачів та покращити позиції в пошукових системах.\n\nЧитайте детальний огляд подій, аналіз та експертні коментарі.\n\nЧитайте детальний огляд подій, аналіз та експертні коментарі.','Зображення Вінні Зуффанте/Гетті\nДавайте здійснимо подорож по смузі пам’яті. Рік 2003, а чорношкірі жінки в розвагах процвітають. Від музики до фільмів та моделей на злітно -посадковій смузі жодна смуга не була недоторканою. Виростаючи в 90 -х та аугтах, я можу особисто ... [5933 Chars]\n\nРозширено та оптимізовано для кращого сприйняття аудиторією. Цей матеріал містить додаткову аналітику та практичні рекомендації, що підвищують його інформативність та конкурентоспроможність на ринку новин.\n\nРозширено та оптимізовано для кращого сприйняття аудиторією. Цей матеріал містить додаткову аналітику та практичні рекомендації, що підвищують його інформативність та конкурентоспроможність на ринку новин.\n\n### Чому це важливо?\nЦя стаття розглядає ключові аспекти подій та їх вплив на різні сфери життя. Ви знайдете детальні роз’яснення, статистику та прогнози від провідних експертів.\n\n### Чому це важливо?\nЦя стаття розглядає ключові аспекти подій та їх вплив на різні сфери життя. Ви знайдете детальні роз’яснення, статистику та прогнози від провідних експертів.',2,'https://www.essence.com/wp-content/uploads/2024/02/cropped-essence-legacy-512-32x32.png','2024-12-20 16:19:24','2025-02-19 04:41:49','2025-02-19 04:41:49'),(34,'Пара Plymouth Power виробляє найкращу команду краси Південного Заходу — огляд актуальних новин — огляд актуальних новин | Останні новини та аналіз | Останні новини та аналіз','plymouth-power-couple-produce-the-south-wests-best-beauty-team-1','Пару Плімут влаштували нагороджений салон краси в місті, а його команда з краси були визнані найкращими на південному заході своїми задоволеними клієнтами\n\nДодатково: Цей матеріал оптимізовано досвідченим SEO-спеціалістом, що допоможе залучити більше читачів та покращити позиції в пошукових системах.\n\nДодатково: Цей матеріал оптимізовано досвідченим SEO-спеціалістом, що допоможе залучити більше читачів та покращити позиції в пошукових системах.\n\nЧитайте детальний огляд подій, аналіз та експертні коментарі.\n\nЧитайте детальний огляд подій, аналіз та експертні коментарі.','У нас більше бюлетенів\nЩось пішло не так, будь ласка, спробуйте пізніше.\nНедійсна електронна пошта щось пішло не так, будь ласка, спробуйте пізніше.\nОтримайте історії, які мають значення для нашої спільноти прямо до вашої поштової скриньки з нашим щоденним бюлетенем\nУ нас більше бюлетенів\n... [6867 Chars]\n\nРозширено та оптимізовано для кращого сприйняття аудиторією. Цей матеріал містить додаткову аналітику та практичні рекомендації, що підвищують його інформативність та конкурентоспроможність на ринку новин.\n\nРозширено та оптимізовано для кращого сприйняття аудиторією. Цей матеріал містить додаткову аналітику та практичні рекомендації, що підвищують його інформативність та конкурентоспроможність на ринку новин.\n\n### Чому це важливо?\nЦя стаття розглядає ключові аспекти подій та їх вплив на різні сфери життя. Ви знайдете детальні роз’яснення, статистику та прогнози від провідних експертів.\n\n### Чому це важливо?\nЦя стаття розглядає ключові аспекти подій та їх вплив на різні сфери життя. Ви знайдете детальні роз’яснення, статистику та прогнози від провідних експертів.',2,'https://i2-prod.plymouthherald.co.uk/incoming/article8615306.ece/ALTERNATES/s1200/2_K_O_DCP_DIA7.jpg','2023-07-20 10:28:46','2025-02-19 04:41:49','2025-02-19 04:41:49'),(35,'Сучасна біла естетична тенденція: 8 дизайну, які демонструють, чому архітектори люблять цей класичний колір — огляд актуальних новин | Останні новини та аналіз | Останні новини та аналіз','the-modern-white-aesthetic-trend-8-designs-that-showcase-why-architects-love-this-classic-color-2','Сучасна біла естетична тенденція: 8 дизайну, які демонструють, чому архітектори люблять цю класичну сучасну архітектуру Colorin, Білий став домінуючою силою, перетворюючи скеліни та переосмислюючи сучасну естетику будівлі. Як архітектурний ентузіаз ...\n\nДодатково: Цей матеріал оптимізовано досвідченим SEO-спеціалістом, що допоможе залучити більше читачів та покращити позиції в пошукових системах.\n\nЧитайте детальний огляд подій, аналіз та експертні коментарі.\n\nЧитайте детальний огляд подій, аналіз та експертні коментарі.','У сучасній архітектурі Білий став домінуючою силою, перетворюючи скайліни та переосмислюючи сучасну естетику будівлі. Як архітектурний ентузіаст, який відстежує глобальні тенденції дизайну, я… [+12463 chars]\n\nРозширено та оптимізовано для кращого сприйняття аудиторією. Цей матеріал містить додаткову аналітику та практичні рекомендації, що підвищують його інформативність та конкурентоспроможність на ринку новин.\n\n### Чому це важливо?\nЦя стаття розглядає ключові аспекти подій та їх вплив на різні сфери життя. Ви знайдете детальні роз’яснення, статистику та прогнози від провідних експертів.\n\n### Чому це важливо?\nЦя стаття розглядає ключові аспекти подій та їх вплив на різні сфери життя. Ви знайдете детальні роз’яснення, статистику та прогнози від провідних експертів.',1,'https://www.yankodesign.com/images/design_news/2025/02/why-white-color-is-dominating-modern-building-design/White-Colour_Architecture_Buildings_Importance_29.jpg','2025-02-15 14:20:26','2025-02-19 10:16:44','2025-02-19 10:16:44'),(36,'Українські пілоти безпілотників, які не вражають російським анти-FPV тунелем — огляд актуальних новин | Останні новини та аналіз | Останні новини та аналіз','ukrainian-drone-pilots-unimpressed-by-russias-anti-fpv-tunnel-2','Російські сили будують чистий тунель над дорогою для захисту своїх транспортних засобів - українських операторів безпілотників вже знають, як вони вирішать це.\n\nДодатково: Цей матеріал оптимізовано досвідченим SEO-спеціалістом, що допоможе залучити більше читачів та покращити позиції в пошукових системах.\n\nЧитайте детальний огляд подій, аналіз та експертні коментарі.\n\nЧитайте детальний огляд подій, аналіз та експертні коментарі.','Російські сили побудували тунель, що триває в милю, як захист від безпілотників FPV.,\r\nРосійська телеграма\r\nАтаки безпілотників FPV на російську логістику є ключовим аспектом війни. Обійти оборони, th… [+7948 chars]\n\nРозширено та оптимізовано для кращого сприйняття аудиторією. Цей матеріал містить додаткову аналітику та практичні рекомендації, що підвищують його інформативність та конкурентоспроможність на ринку новин.\n\n### Чому це важливо?\nЦя стаття розглядає ключові аспекти подій та їх вплив на різні сфери життя. Ви знайдете детальні роз’яснення, статистику та прогнози від провідних експертів.\n\n### Чому це важливо?\nЦя стаття розглядає ключові аспекти подій та їх вплив на різні сфери життя. Ви знайдете детальні роз’яснення, статистику та прогнози від провідних експертів.',1,'https://imageio.forbes.com/specials-images/imageserve/67b33efbdbaf865c6d784e30/0x0.jpg?format=jpg&height=900&width=1600&fit=bounds','2025-02-17 12:09:26','2025-02-19 10:16:44','2025-02-19 10:16:44'),(37,'Україна Будівництво нового святкового курорту в Західних Карпатських горах — огляд актуальних новин | Останні новини та аналіз','ukraine-building-new-holiday-resort-in-western-carpathian-mountains-2','Україна, можливо, відбиваються від повномасштабного російського вторгнення, але абсолютно новий святковий курорт формується у західних Карпатських горах. Це запропонує ...\n\nДодатково: Цей матеріал оптимізовано досвідченим SEO-спеціалістом, що допоможе залучити більше читачів та покращити позиції в пошукових системах.\n\nЧитайте детальний огляд подій, аналіз та експертні коментарі.','Україна, можливо, відбиваються від повномасштабного російського вторгнення, але абсолютно новий святковий курорт формується у західних Карпатських горах.\r\nВін запропонує 25 готелів з більш ніж 5000 номерів, в… [+748 chars]\n\nРозширено та оптимізовано для кращого сприйняття аудиторією. Цей матеріал містить додаткову аналітику та практичні рекомендації, що підвищують його інформативність та конкурентоспроможність на ринку новин.\n\n### Чому це важливо?\nЦя стаття розглядає ключові аспекти подій та їх вплив на різні сфери життя. Ви знайдете детальні роз’яснення, статистику та прогнози від провідних експертів.',1,'https://media.zenfs.com/en/dpa_international_526/d1b2fae90ed0ef07d3ec56753721a646','2025-02-12 15:15:23','2025-02-19 10:16:44','2025-02-19 10:16:44'),(38,'Контракт на будівництво (Võru дитячий садок Червона шапка) — огляд актуальних новин | Останні новини та аналіз | Останні новини та аналіз','construction-contract-voru-kindergarten-punamutsike-2','Як компанія Nordecon Group Embach Ehitus Oü та міська влада Врус підписали контракт на будівництво дитячого садка Пунамюсіка, розташованого в Вілджі 10, Вру. Загальна вартість контракту становить 6,37 мільйона євро без ПДВ, а роботи будуть завершені ...\n\nДодатково: Цей матеріал оптимізовано досвідченим SEO-спеціалістом, що допоможе залучити більше читачів та покращити позиції в пошукових системах.\n\nЧитайте детальний огляд подій, аналіз та експертні коментарі.\n\nЧитайте детальний огляд подій, аналіз та експертні коментарі.','Як компанія Nordecon Group Embach Ehitus Oü та міська влада Врус підписали контракт на будівництво дитячого садка Пунамюсіка, розташованого в Вілджі 10, Вру. Загальна вартість контракту становить 6.… [+787 chars]\n\nРозширено та оптимізовано для кращого сприйняття аудиторією. Цей матеріал містить додаткову аналітику та практичні рекомендації, що підвищують його інформативність та конкурентоспроможність на ринку новин.\n\n### Чому це важливо?\nЦя стаття розглядає ключові аспекти подій та їх вплив на різні сфери життя. Ви знайдете детальні роз’яснення, статистику та прогнози від провідних експертів.\n\n### Чому це важливо?\nЦя стаття розглядає ключові аспекти подій та їх вплив на різні сфери життя. Ви знайдете детальні роз’яснення, статистику та прогнози від провідних експертів.',1,'https://ml-eu.globenewswire.com/Resource/Download/d05ecf93-2d8c-458b-a25b-842e1c4fac07','2025-02-12 12:42:00','2025-02-19 10:16:44','2025-02-19 10:16:44'),(39,'Ризик Трампа Муск Ризик Тесла буде відображено — огляд актуальних новин | Останні новини та аналіз | Останні новини та аналіз','','Суперник Neuralink Елона Маска співпрацює з NEOM в Саудівській Аравії для просування технологій мозку. https://t.co/rfzhtafyzb - технологія Bloomberg (@technology) 12 лютого 2025 р. Умм Аль -Кура для розвитку та будівництва, підкріплений Саудівським Аравією ...\n\nДодатково: Цей матеріал оптимізовано досвідченим SEO-спеціалістом, що допоможе залучити більше читачів та покращити позиції в пошукових системах.\n\nЧитайте детальний огляд подій, аналіз та експертні коментарі.\n\nЧитайте детальний огляд подій, аналіз та експертні коментарі.','Суперник Neuralink Елона Маска співпрацює з NEOM в Саудівській Аравії для просування технологій мозку. https://t.co/rfzhtafyzb\r\n- Технологія Bloomberg (@technology) 12 лютого 2025 року\r\nУмм Аль Кура… [+7777 chars]\n\nРозширено та оптимізовано для кращого сприйняття аудиторією. Цей матеріал містить додаткову аналітику та практичні рекомендації, що підвищують його інформативність та конкурентоспроможність на ринку новин.\n\n### Чому це важливо?\nЦя стаття розглядає ключові аспекти подій та їх вплив на різні сфери життя. Ви знайдете детальні роз’яснення, статистику та прогнози від провідних експертів.\n\n### Чому це важливо?\nЦя стаття розглядає ключові аспекти подій та їх вплив на різні сфери життя. Ви знайдете детальні роз’яснення, статистику та прогнози від провідних експертів.',1,'https://img1.daumcdn.net/thumb/R800x0/?scode=mtistory2&fname=https%3A%2F%2Fblog.kakaocdn.net%2Fdn%2Fdu1Cs1%2FbtsMm1LPRWC%2FYRleSrhDsFBUEQk2Vw8TWK%2Fimg.jpg','2025-02-18 06:18:30','2025-02-19 10:16:44','2025-02-19 10:16:44'),(40,'Звіт про прогноз ринку будівельного обладнання Бельгії 2025-2030: Стратегія водню в Бельгії щодо збільшення ринку будівельного обладнання Бельгії - розмір ринку до 20 927 одиниць до 2030 року — огляд актуальних новин | Останні новини та аналіз | Останні новини та аналіз','belgium-construction-equipment-market-forecast-report-2025-2030-belgiums-hydrogen-strategy-to-boost-the-belgium-construction-equipment-market-market-size-to-reach-16927-units-by-2030-2','Caterpillar, Liebherr, Komatsu, Volvo та Hitachi Construction Machinery - передні бігуни на ринку будівельного обладнання Бельгії. Ці компанії мають сильну частку ринку та пропонують різноманітні набори обладнання на бельгійському ринку.Terex, Tadano, Ku…\n\nДодатково: Цей матеріал оптимізовано досвідченим SEO-спеціалістом, що допоможе залучити більше читачів та покращити позиції в пошукових системах.\n\nЧитайте детальний огляд подій, аналіз та експертні коментарі.\n\nЧитайте детальний огляд подій, аналіз та експертні коментарі.','Дублін, 13 лютого 2025 р. (Globe Newswire) - до звіту \"Ринок будівництва Бельгії - стратегічна оцінка та прогноз 2025-2030\".\r\n… [+11815 chars]\n\nРозширено та оптимізовано для кращого сприйняття аудиторією. Цей матеріал містить додаткову аналітику та практичні рекомендації, що підвищують його інформативність та конкурентоспроможність на ринку новин.\n\n### Чому це важливо?\nЦя стаття розглядає ключові аспекти подій та їх вплив на різні сфери життя. Ви знайдете детальні роз’яснення, статистику та прогнози від провідних експертів.\n\n### Чому це важливо?\nЦя стаття розглядає ключові аспекти подій та їх вплив на різні сфери життя. Ви знайдете детальні роз’яснення, статистику та прогнози від провідних експертів.',1,'https://ml.globenewswire.com/Resource/Download/908fb457-7f8e-4a08-9081-5565e3dfb3d7','2025-02-13 16:19:00','2025-02-19 10:16:44','2025-02-19 10:16:44'),(41,'У всьому світі база даних на березі на берегах/офшорних вітроелектростанціях 2025: Розташування, турбіни, гравці, статус будівництва — огляд актуальних новин | Останні новини та аналіз | Останні новини та аналіз','worldwide-onshoreoffshore-wind-farms-database-2025-location-turbines-players-construction-status-2','Дублін, 13 лютого 2025 р. (Globe Newswire) - База даних \"База даних Всесвітньої вітроелектростанції\" додана до пропозиції досліджень тарифів. , 5 ГВт ...\n\nДодатково: Цей матеріал оптимізовано досвідченим SEO-спеціалістом, що допоможе залучити більше читачів та покращити позиції в пошукових системах.\n\nЧитайте детальний огляд подій, аналіз та експертні коментарі.\n\nЧитайте детальний огляд подій, аналіз та експертні коментарі.','DUBLIN, 13 лютого 2025 р. (Globe Newswire) - до пропозиції \"база даних вітроелектростанцій\" у всьому світі \"база даних про вітроелектростанції\" додана.\r\nЦя база даних Всесвітніх вітроелектростанцій включає 41850 записів у 1… [+3360 chars]\n\nРозширено та оптимізовано для кращого сприйняття аудиторією. Цей матеріал містить додаткову аналітику та практичні рекомендації, що підвищують його інформативність та конкурентоспроможність на ринку новин.\n\n### Чому це важливо?\nЦя стаття розглядає ключові аспекти подій та їх вплив на різні сфери життя. Ви знайдете детальні роз’яснення, статистику та прогнози від провідних експертів.\n\n### Чому це важливо?\nЦя стаття розглядає ключові аспекти подій та їх вплив на різні сфери життя. Ви знайдете детальні роз’яснення, статистику та прогнози від провідних експертів.',1,'https://ml.globenewswire.com/Resource/Download/908fb457-7f8e-4a08-9081-5565e3dfb3d7','2025-02-13 14:23:00','2025-02-19 10:16:44','2025-02-19 10:16:44'),(42,'Моді, Макрон обговорює шляхи поглиблення оборонних зв\'язків; Ласкаво просимо введення в експлуатацію підводних човнів — огляд актуальних новин | Останні новини та аналіз | Останні новини та аналіз','modi-macron-discuss-ways-to-deepen-defence-ties-welcome-commissioning-of-submarine-ins-vaghsheer-2','Прем\'єр -міністр Нарендра Моді та президент Франції Еммануель Макрон висвітлили прогрес у галузі оборонного співробітництва, особливо при будівництві підводних човнів Скорпан в Індії. Вони обговорювали співпрацю над ракетами, вертольотами та реактивними двигунами ...\n\nДодатково: Цей матеріал оптимізовано досвідченим SEO-спеціалістом, що допоможе залучити більше читачів та покращити позиції в пошукових системах.\n\nЧитайте детальний огляд подій, аналіз та експертні коментарі.\n\nЧитайте детальний огляд подій, аналіз та експертні коментарі.','Наголошуючи на \"глибокому та давньому\" оборонному співробітництві, прем\'єр-міністр Нарендра Моді та президент Франції Еммануель Макрон у середу похвалили прогрес у співпраці у будівництві ... [+2904 Chars]\n\nРозширено та оптимізовано для кращого сприйняття аудиторією. Цей матеріал містить додаткову аналітику та практичні рекомендації, що підвищують його інформативність та конкурентоспроможність на ринку новин.\n\n### Чому це важливо?\nЦя стаття розглядає ключові аспекти подій та їх вплив на різні сфери життя. Ви знайдете детальні роз’яснення, статистику та прогнози від провідних експертів.\n\n### Чому це важливо?\nЦя стаття розглядає ключові аспекти подій та їх вплив на різні сфери життя. Ви знайдете детальні роз’яснення, статистику та прогнози від провідних експертів.',1,'https://img.etimg.com/thumb/msid-118185119,width-1200,height-630,imgsize-59710,overlay-etdefence/articleshow.jpg','2025-02-12 14:01:26','2025-02-19 10:16:44','2025-02-19 10:16:44'),(43,'Уна Хілі розкриває улюблений Lidl Beauty Dupe, і це 69 євро дешевше, ніж вірусний продукт Tiktok — огляд актуальних новин | Останні новини та аналіз | Останні новини та аналіз','una-healy-reveals-favourite-lidl-beauty-dupe-and-its-eur69-cheaper-than-viral-tiktok-product-2','Уна Хілі розкрила свою улюблену Lidl Beauty Dupe, і це коштує на 69 євро менше, ніж вірусний продукт волосся Tiktok. Колишня зірка суботи стала\n\nДодатково: Цей матеріал оптимізовано досвідченим SEO-спеціалістом, що допоможе залучити більше читачів та покращити позиції в пошукових системах.\n\nЧитайте детальний огляд подій, аналіз та експертні коментарі.\n\nЧитайте детальний огляд подій, аналіз та експертні коментарі.','Уна Хілі розкрила свою улюблену Lidl Beauty Dupe, і це коштує на 69 євро менше, ніж вірусний продукт волосся Tiktok.\nКолишня зірка суботи стала останнім шанувальником абсолютно нової лінійки розкішних продуктів краси та догляду за шкірою.\n3 ... [2989 Chars]\n\nРозширено та оптимізовано для кращого сприйняття аудиторією. Цей матеріал містить додаткову аналітику та практичні рекомендації, що підвищують його інформативність та конкурентоспроможність на ринку новин.\n\n### Чому це важливо?\nЦя стаття розглядає ключові аспекти подій та їх вплив на різні сфери життя. Ви знайдете детальні роз’яснення, статистику та прогнози від провідних експертів.\n\n### Чому це важливо?\nЦя стаття розглядає ключові аспекти подій та їх вплив на різні сфери життя. Ви знайдете детальні роз’яснення, статистику та прогнози від провідних експертів.',2,'https://www.thesun.ie/wp-content/uploads/sites/3/2025/02/newspress-collage-4av930e4k-1739912951756.jpg?1739912945&strip=all&quality=100&w=1920&h=1080&crop=1','2025-02-18 21:43:57','2025-02-19 10:16:44','2025-02-19 10:16:44'),(44,'Марки та Спенсер безкоштовно дарують догляд за доглядом за 100 фунтів стерлінгів як частина краси — огляд актуальних новин | Останні новини та аналіз | Останні новини та аналіз','marks-and-spencer-is-giving-away-ps100-worth-of-premium-skincare-for-free-as-part-of-beauty-deal-2','Обмежене видання та Спенсер, зроблені для коробки краси ікони, упаковані з преміум -косметичними продуктами на суму понад 130 фунтів стерлінгів - і можуть бути вашим всього за 30 фунтів стерлінгів\n\nДодатково: Цей матеріал оптимізовано досвідченим SEO-спеціалістом, що допоможе залучити більше читачів та покращити позиції в пошукових системах.\n\nЧитайте детальний огляд подій, аналіз та експертні коментарі.\n\nЧитайте детальний огляд подій, аналіз та експертні коментарі.','Ентузіасти краси можуть зафіксувати преміум -преміум -преміум -песувальні продукти від топ -брендів, таких як Clinique, Floral Street та L\'Occitane на Marks and Spencer цього тижня.\nРоздрібний продавець високої вулиці оприлюднив нову коробку краси, наповнену 130 фунтів стерлінгів ... [2717 Chars]\n\nРозширено та оптимізовано для кращого сприйняття аудиторією. Цей матеріал містить додаткову аналітику та практичні рекомендації, що підвищують його інформативність та конкурентоспроможність на ринку новин.\n\n### Чому це важливо?\nЦя стаття розглядає ключові аспекти подій та їх вплив на різні сфери життя. Ви знайдете детальні роз’яснення, статистику та прогнози від провідних експертів.\n\n### Чому це важливо?\nЦя стаття розглядає ключові аспекти подій та їх вплив на різні сфери життя. Ви знайдете детальні роз’яснення, статистику та прогнози від провідних експертів.',2,'https://i2-prod.birminghammail.co.uk/news/uk-news/article31027319.ece/ALTERNATES/s1200/0_Untitled-design-2025-02-17T084754684.jpg','2025-02-18 08:37:21','2025-02-19 10:16:45','2025-02-19 10:16:45'),(45,'Вагітна телевізійна зірка та колишня Місс Азія Красуня вмирає у віці 33 років після публікації сердечного вмираючого повідомлення шанувальникам — огляд актуальних новин | Останні новини та аналіз | Останні новини та аналіз','pregnant-tv-star-ex-miss-asia-beauty-queen-dies-aged-33-after-posting-heartbreaking-dying-message-to-fans-2','Колишня королева краси Міс Азії трагічно померла після того, як опублікував серцебитне вмираюче повідомлення своїм шанувальникам у соціальних медіа.\n\nДодатково: Цей матеріал оптимізовано досвідченим SEO-спеціалістом, що допоможе залучити більше читачів та покращити позиції в пошукових системах.\n\nЧитайте детальний огляд подій, аналіз та експертні коментарі.\n\nЧитайте детальний огляд подій, аналіз та експертні коментарі.','Колишня королева краси Міс Азії трагічно померла після того, як опублікував сердечне вмираюче повідомлення своїм шанувальникам у соціальних мережах.\n33 -річна телевізійна зірка Ангі Морад страждала від вірусної інфекції, яку вона захворіла під час другої вагітності.\n4 телевізійна зірка Ангі Морад ... [2188 Chars]\n\nРозширено та оптимізовано для кращого сприйняття аудиторією. Цей матеріал містить додаткову аналітику та практичні рекомендації, що підвищують його інформативність та конкурентоспроможність на ринку новин.\n\n### Чому це важливо?\nЦя стаття розглядає ключові аспекти подій та їх вплив на різні сфери життя. Ви знайдете детальні роз’яснення, статистику та прогнози від провідних експертів.\n\n### Чому це важливо?\nЦя стаття розглядає ключові аспекти подій та їх вплив на різні сфери життя. Ви знайдете детальні роз’яснення, статистику та прогнози від провідних експертів.',2,'https://www.thesun.ie/wp-content/uploads/sites/3/2025/02/newspress-collage-pfkyxumy5-1739815990427.jpg?1739816984&strip=all&quality=100&w=1920&h=1080&crop=1','2025-02-17 16:26:18','2025-02-19 10:16:45','2025-02-19 10:16:45'),(46,'Ізабелла Росселліні приєднується до \"Красуні\" Райана Мерфі — огляд актуальних новин | Останні новини та аналіз | Останні новини та аналіз','isabella-rossellini-joins-ryan-murphys-the-beauty-2','Номінант \"Висновки\" Оскара Ізабелла Росселліні приєдналася до Евана Петерса, Ештона Катчера та Ребекки Холл у серії FX Райана Мерфі \"Краса\".\n\nДодатково: Цей матеріал оптимізовано досвідченим SEO-спеціалістом, що допоможе залучити більше читачів та покращити позиції в пошукових системах.\n\nЧитайте детальний огляд подій, аналіз та експертні коментарі.\n\nЧитайте детальний огляд подій, аналіз та експертні коментарі.','Ізабелла Росселліні приєдналася до майбутньої серії FX \"Краса\" Райана Мерфі \"Красуня\" у ролі, що повторюється гостьовою роллю, дізналася різноманітність.\nЗірка \"Blue Velvet\" та \"Конклав\" номінант \"Оскар\" приєднується до раніше оголошених серійних лідерів Еван Пітерс, Ештон Катчер, ... [1789 Чарс]\n\nРозширено та оптимізовано для кращого сприйняття аудиторією. Цей матеріал містить додаткову аналітику та практичні рекомендації, що підвищують його інформативність та конкурентоспроможність на ринку новин.\n\n### Чому це важливо?\nЦя стаття розглядає ключові аспекти подій та їх вплив на різні сфери життя. Ви знайдете детальні роз’яснення, статистику та прогнози від провідних експертів.\n\n### Чому це важливо?\nЦя стаття розглядає ключові аспекти подій та їх вплив на різні сфери життя. Ви знайдете детальні роз’яснення, статистику та прогнози від провідних експертів.',2,'https://variety.com/wp-content/uploads/2025/02/GettyImages-1756356584-e1739655191358.jpg?crop=0px%2C50px%2C1777px%2C1000px&resize=1000%2C563','2025-02-15 21:23:31','2025-02-19 10:16:45','2025-02-19 10:16:45'),(47,'Салон волосся та краси з «розслабляючим середовищем» відкривається в Ковентрі — огляд актуальних новин | Останні новини та аналіз | Останні новини та аналіз','hair-and-beauty-salon-with-relaxing-environment-opens-in-coventry-2','Волосся та красу Seerat зараз відкриті на Бінлі -роуді\n\nДодатково: Цей матеріал оптимізовано досвідченим SEO-спеціалістом, що допоможе залучити більше читачів та покращити позиції в пошукових системах.\n\nЧитайте детальний огляд подій, аналіз та експертні коментарі.\n\nЧитайте детальний огляд подій, аналіз та експертні коментарі.','Щось пішло не так, будь ласка, спробуйте пізніше.\nНедійсна електронна пошта щось пішло не так, будь ласка, спробуйте пізніше.\nНаші безкоштовні оновлення електронної пошти - найкращий спосіб отримати заголовки безпосередньо на вашу поштову скриньку\nЩось пішло не так, будь ласка, спробуйте пізніше.\nНаша безкоштовна електронна пошта ... [1491 chars]\n\nРозширено та оптимізовано для кращого сприйняття аудиторією. Цей матеріал містить додаткову аналітику та практичні рекомендації, що підвищують його інформативність та конкурентоспроможність на ринку новин.\n\n### Чому це важливо?\nЦя стаття розглядає ключові аспекти подій та їх вплив на різні сфери життя. Ви знайдете детальні роз’яснення, статистику та прогнози від провідних експертів.\n\n### Чому це важливо?\nЦя стаття розглядає ключові аспекти подій та їх вплив на різні сфери життя. Ви знайдете детальні роз’яснення, статистику та прогнози від провідних експертів.',2,'https://i2-prod.glasgowlive.co.uk/incoming/article13487933.ece/ALTERNATES/s1200/0_JS121250609.jpg','2025-02-15 03:25:00','2025-02-19 10:16:45','2025-02-19 10:16:45'),(48,'Уоррен Баффетт ставок на виробника пива Modelo, вийшов з краси ульта-хом, його портфоліо змінився в кварталі — огляд актуальних новин | Останні новини та аналіз | Останні новини та аналіз','warren-buffett-bet-on-modelo-beer-maker-exited-ulta-beauty-how-his-portfolio-changed-in-q4-2','Беркширський Хетвейвей Уоррена Баффетта вступив на нову позицію в брендах сузір\'я пива та спиртних напоїв у четвертому кварталі 2024 року, при цьому обрізавши кілька ставок та виходить з краси Ульта.\n\nДодатково: Цей матеріал оптимізовано досвідченим SEO-спеціалістом, що допоможе залучити більше читачів та покращити позиції в пошукових системах.\n\nЧитайте детальний огляд подій, аналіз та експертні коментарі.\n\nЧитайте детальний огляд подій, аналіз та експертні коментарі.','Investopedia / Photo Illustration від Alice Morgan / Getty Images\nКлючові винос\nБеркшир Хетвейвей вступив на нову позицію в марках Modelo Maker Constellation у Q4 2024.\nКомпанія Buffett, яка сидить на рекордній грошовій купі, також збільшила ставки в ... [3611 chars]\n\nРозширено та оптимізовано для кращого сприйняття аудиторією. Цей матеріал містить додаткову аналітику та практичні рекомендації, що підвищують його інформативність та конкурентоспроможність на ринку новин.\n\n### Чому це важливо?\nЦя стаття розглядає ключові аспекти подій та їх вплив на різні сфери життя. Ви знайдете детальні роз’яснення, статистику та прогнози від провідних експертів.\n\n### Чому це важливо?\nЦя стаття розглядає ключові аспекти подій та їх вплив на різні сфери життя. Ви знайдете детальні роз’яснення, статистику та прогнози від провідних експертів.',2,'https://s.yimg.com/ny/api/res/1.2/9hivs.Pi9zzaRUxiB7EBkQ--/YXBwaWQ9aGlnaGxhbmRlcjt3PTEyMDA7aD04MDA-/https://media.zenfs.com/en/investopedia_245/a680eeb8af50c36358771f936a24dd16','2025-02-14 21:09:19','2025-02-19 10:16:45','2025-02-19 10:16:45'),(49,'Зустріньте Октавію Морган: Трейлблейзер за першим престижним ароматом Ulta Beauty — огляд актуальних новин | Останні новини та аналіз | Останні новини та аналіз','meet-octavia-morgan-the-trailblazer-behind-ulta-beautys-first-black-woman-owned-prestige-fragrance-1','Маючи досвід сестринської справи та пристрасть до чистої краси, Октавія Морган переосмислює індустрію ароматів - один новаторський аромат за один раз.\n\nДодатково: Цей матеріал оптимізовано досвідченим SEO-спеціалістом, що допоможе залучити більше читачів та покращити позиції в пошукових системах.\n\nЧитайте детальний огляд подій, аналіз та експертні коментарі.\n\nЧитайте детальний огляд подій, аналіз та експертні коментарі.','Моя перша пам’ять про аромат - це Кароліна Еррера моєї матері - сильний, білий квітковий аромат, який був виразно її.\nХоча це не мій улюблений профіль аромату, це було моє вступ до сили запаху та важливість парфумів як частини B ... [4636 Chars]\n\nРозширено та оптимізовано для кращого сприйняття аудиторією. Цей матеріал містить додаткову аналітику та практичні рекомендації, що підвищують його інформативність та конкурентоспроможність на ринку новин.\n\n### Чому це важливо?\nЦя стаття розглядає ключові аспекти подій та їх вплив на різні сфери життя. Ви знайдете детальні роз’яснення, статистику та прогнози від провідних експертів.\n\n### Чому це важливо?\nЦя стаття розглядає ключові аспекти подій та їх вплив на різні сфери життя. Ви знайдете детальні роз’яснення, статистику та прогнози від провідних експертів.',2,'https://www.essence.com/wp-content/uploads/2025/02/Screen-Shot-2025-02-10-at-12.31.59-PM.png','2025-02-10 15:36:17','2025-02-19 10:16:45','2025-02-19 10:16:45'),(50,'Ці Муас змінюють стандарти краси для дівчат з шоколадом скрізь — огляд актуальних новин | Останні новини та аналіз | Останні новини та аналіз','these-muas-are-changing-beauty-standards-for-chocolate-girls-everywhere-1','Чотири художники -візажисті обговорюють свою пристрасть до демонстрації чорної краси через макіяж.\n\nДодатково: Цей матеріал оптимізовано досвідченим SEO-спеціалістом, що допоможе залучити більше читачів та покращити позиції в пошукових системах.\n\nЧитайте детальний огляд подій, аналіз та експертні коментарі.\n\nЧитайте детальний огляд подій, аналіз та експертні коментарі.','Зображення Вінні Зуффанте/Гетті\nДавайте здійснимо подорож по смузі пам’яті. Рік 2003, а чорношкірі жінки в розвагах процвітають. Від музики до фільмів та моделей на злітно -посадковій смузі жодна смуга не була недоторканою. Виростаючи в 90 -х та аугтах, я можу особисто ... [5933 Chars]\n\nРозширено та оптимізовано для кращого сприйняття аудиторією. Цей матеріал містить додаткову аналітику та практичні рекомендації, що підвищують його інформативність та конкурентоспроможність на ринку новин.\n\n### Чому це важливо?\nЦя стаття розглядає ключові аспекти подій та їх вплив на різні сфери життя. Ви знайдете детальні роз’яснення, статистику та прогнози від провідних експертів.\n\n### Чому це важливо?\nЦя стаття розглядає ключові аспекти подій та їх вплив на різні сфери життя. Ви знайдете детальні роз’яснення, статистику та прогнози від провідних експертів.',2,'https://www.essence.com/wp-content/uploads/2024/02/cropped-essence-legacy-512-32x32.png','2024-12-20 16:19:24','2025-02-19 10:16:45','2025-02-19 10:16:45'),(51,'Щоб відзначити 20 років кампанії за реальну красу, Голуб поновлює свою прихильність до \"реальної\" — огляд актуальних новин | Останні новини та аналіз | Останні новини та аналіз','to-mark-20-years-of-campaign-for-real-beauty-dove-renews-its-commitment-to-real-1','Оскільки штучний інтелект (AI) сьогодні загрожує представленню справжньої краси, Голуб зобов’язується ніколи не використовувати AI для представлення справжніх жінок у своїх оголошеннях.\n\nДодатково: Цей матеріал оптимізовано досвідченим SEO-спеціалістом, що допоможе залучити більше читачів та покращити позиції в пошукових системах.\n\nЧитайте детальний огляд подій, аналіз та експертні коментарі.\n\nЧитайте детальний огляд подій, аналіз та експертні коментарі.','Оскільки штучний інтелект (AI) сьогодні загрожує представленню справжньої краси, Голуб зобов’язується ніколи не використовувати AI для представлення справжніх жінок у своїх оголошеннях.\nЛондон, 10 квітня 2024 р. / Prnewswire / - 20 років тому, Голуб показав світові, як виглядає краса, що ... [8831 Chars]\n\nРозширено та оптимізовано для кращого сприйняття аудиторією. Цей матеріал містить додаткову аналітику та практичні рекомендації, що підвищують його інформативність та конкурентоспроможність на ринку новин.\n\n### Чому це важливо?\nЦя стаття розглядає ключові аспекти подій та їх вплив на різні сфери життя. Ви знайдете детальні роз’яснення, статистику та прогнози від провідних експертів.\n\n### Чому це важливо?\nЦя стаття розглядає ключові аспекти подій та їх вплив на різні сфери життя. Ви знайдете детальні роз’яснення, статистику та прогнози від провідних експертів.',2,'https://jimmyspost.com/wp-content/uploads/2024/04/TO-MARK-20-YEARS-OF-CAMPAIGN-FOR-REAL-BEAUTY-DOVE.jpg','2024-04-10 06:19:31','2025-02-19 10:16:45','2025-02-19 10:16:45'),(52,'Пара Plymouth Power виробляє найкращу команду краси Південного Заходу — огляд актуальних новин | Останні новини та аналіз | Останні новини та аналіз','plymouth-power-couple-produce-the-south-wests-best-beauty-team-2','Пару Плімут влаштували нагороджений салон краси в місті, а його команда з краси були визнані найкращими на південному заході своїми задоволеними клієнтами\n\nДодатково: Цей матеріал оптимізовано досвідченим SEO-спеціалістом, що допоможе залучити більше читачів та покращити позиції в пошукових системах.\n\nЧитайте детальний огляд подій, аналіз та експертні коментарі.\n\nЧитайте детальний огляд подій, аналіз та експертні коментарі.','У нас більше бюлетенів\nЩось пішло не так, будь ласка, спробуйте пізніше.\nНедійсна електронна пошта щось пішло не так, будь ласка, спробуйте пізніше.\nОтримайте історії, які мають значення для нашої спільноти прямо до вашої поштової скриньки з нашим щоденним бюлетенем\nУ нас більше бюлетенів\n... [6867 Chars]\n\nРозширено та оптимізовано для кращого сприйняття аудиторією. Цей матеріал містить додаткову аналітику та практичні рекомендації, що підвищують його інформативність та конкурентоспроможність на ринку новин.\n\n### Чому це важливо?\nЦя стаття розглядає ключові аспекти подій та їх вплив на різні сфери життя. Ви знайдете детальні роз’яснення, статистику та прогнози від провідних експертів.\n\n### Чому це важливо?\nЦя стаття розглядає ключові аспекти подій та їх вплив на різні сфери життя. Ви знайдете детальні роз’яснення, статистику та прогнози від провідних експертів.',2,'https://i2-prod.plymouthherald.co.uk/incoming/article8615306.ece/ALTERNATES/s1200/2_K_O_DCP_DIA7.jpg','2023-07-20 10:28:46','2025-02-19 10:16:45','2025-02-19 10:16:45'),(53,'Сучасна біла естетична тенденція: 8 дизайну, які демонструють, чому архітектори люблять цей класичний колір | Останні новини та аналіз','the-modern-white-aesthetic-trend-8-designs-that-showcase-why-architects-love-this-classic-color-3','Сучасна біла естетична тенденція: 8 дизайну, які демонструють, чому архітектори люблять цю класичну сучасну архітектуру Colorin, Білий став домінуючою силою, перетворюючи скеліни та переосмислюючи сучасну естетику будівлі.Як архітектурний ентузіаз ...\n\nЧитайте детальний огляд подій, аналіз та експертні коментарі.','У сучасній архітектурі Білий став домінуючою силою, перетворюючи скайліни та переосмислюючи сучасну естетику будівлі.Як архітектурний ентузіаст, який відстежує глобальні тенденції дизайну, я… [+12463 chars]\n\n### Чому це важливо?\nЦя стаття розглядає ключові аспекти подій та їх вплив на різні сфери життя. Ви знайдете детальні роз’яснення, статистику та прогнози від провідних експертів.',1,'https://www.yankodesign.com/images/design_news/2025/02/why-white-color-is-dominating-modern-building-design/White-Colour_Architecture_Buildings_Importance_29.jpg','2025-02-15 14:20:26','2025-02-22 04:45:42','2025-02-22 04:45:42'),(54,'Українські пілоти безпілотників, які не вражають російським анти-FPV тунелем | Останні новини та аналіз','ukrainian-drone-pilots-unimpressed-by-russias-anti-fpv-tunnel-3','Російські сили будують чистий тунель над дорогою для захисту своїх транспортних засобів - українських операторів безпілотників вже знають, як вони вирішать це.\n\nЧитайте детальний огляд подій, аналіз та експертні коментарі.','Російські сили побудували тунель, що триває в милю, як захист від безпілотників FPV.,\r\nРосійська телеграма\r\nАтаки безпілотників FPV на російську логістику є ключовим аспектом війни.Обійти оборони, th… [+7948 chars]\n\n### Чому це важливо?\nЦя стаття розглядає ключові аспекти подій та їх вплив на різні сфери життя. Ви знайдете детальні роз’яснення, статистику та прогнози від провідних експертів.',1,'https://imageio.forbes.com/specials-images/imageserve/67b33efbdbaf865c6d784e30/0x0.jpg?format=jpg&height=900&width=1600&fit=bounds','2025-02-17 12:09:26','2025-02-22 04:45:42','2025-02-22 04:45:42'),(55,'Ризик Трампа Муск Ризик Тесла буде відображено | Останні новини та аналіз','-1','Суперник Neuralink Елона Маска співпрацює з NEOM в Саудівській Аравії для просування технологій мозку.https://t.co/rfzhtafyzb - технологія Bloomberg (@technology) 12 лютого 2025 р. Умм Аль -Кура для розвитку та будівництва, підкріплений Саудівським Аравією ...\n\nЧитайте детальний огляд подій, аналіз та експертні коментарі.','Суперник Neuralink Елона Маска співпрацює з NEOM в Саудівській Аравії для просування технологій мозку.https://t.co/rfzhtafyzb\r\n- Технологія Bloomberg (@technology) 12 лютого 2025 року\r\nУмм Аль Кура… [+7777 chars]\n\n### Чому це важливо?\nЦя стаття розглядає ключові аспекти подій та їх вплив на різні сфери життя. Ви знайдете детальні роз’яснення, статистику та прогнози від провідних експертів.',1,'https://img1.daumcdn.net/thumb/R800x0/?scode=mtistory2&fname=https%3A%2F%2Fblog.kakaocdn.net%2Fdn%2Fdu1Cs1%2FbtsMm1LPRWC%2FYRleSrhDsFBUEQk2Vw8TWK%2Fimg.jpg','2025-02-18 06:18:30','2025-02-22 04:45:42','2025-02-22 04:45:42'),(56,'Зовнішня політика Трампа базується - але чи може вона переважати? | Останні новини та аналіз','trumps-foreign-policy-is-based-but-can-it-prevail','\"На основі\" означає \"вірно собі\" і передбачає якусь цілісність мобілізації, цілісність, яка призводить до дії.Пініки зовнішньої політики Трампа були розроблені протягом десятиліть нью -йоркської конкуренції з нерухомості, будівництва та бізнесу, а також BI…\n\nЧитайте детальний огляд подій, аналіз та експертні коментарі.','На основі означає справжнє для себе і передбачає певну мобілізуючу цілісність, цілісність, яка призводить до дії.Зовнішня політика Trumps була розроблена протягом десятиліть нерухомості в Нью -Йорку,… [+8926 Chars]\n\n### Чому це важливо?\nЦя стаття розглядає ключові аспекти подій та їх вплив на різні сфери життя. Ви знайдете детальні роз’яснення, статистику та прогнози від провідних експертів.',1,'https://www.lewrockwell.com/wp-content/uploads/2025/02/Karen-Kwiatkowski-Copy-1.png','2025-02-21 03:01:00','2025-02-22 04:45:43','2025-02-22 04:45:43'),(57,'Коробка краси та Spencer Beauty отримує вам понад 100 фунтів стерлінгів за 30 фунтів | Останні новини та аналіз','marks-and-spencer-beauty-box-gets-you-over-ps100-worth-of-items-for-ps30','Marks and Spencer запустив абсолютно нову коробку краси, що містить догляд за шкірою та ароматом на суму понад 130 фунтів стерлінгів - але покупці можуть забити його за 30 фунтів стерлінгів\n\nЧитайте детальний огляд подій, аналіз та експертні коментарі.','Ентузіасти краси можуть зафіксувати товари для балів від відомих брендів, таких як Clinique, Floral Street, L\'Occitane менше ніж 5 фунтів стерлінгів, як частина нової угоди на високій вулиці.Він приходить, коли Маркс і Спенсер запустили редагування краси з обмеженим виданням, яка отримує ... [3031 chars]\n\n### Чому це важливо?\nЦя стаття розглядає ключові аспекти подій та їх вплив на різні сфери життя. Ви знайдете детальні роз’яснення, статистику та прогнози від провідних експертів.',2,'https://i2-prod.manchestereveningnews.co.uk/incoming/article31037494.ece/ALTERNATES/s1200/0_Everything-inside-the-Made-for-an-Icon-Beauty-Box-including-Floral-Street-Clinique-and-more.png','2025-02-22 04:00:00','2025-02-22 04:45:43','2025-02-22 04:45:43'),(58,'Купуйте всі косметичні засоби, які Дженніфер Еністон використовує, щоб виглядати вічно | Останні новини та аналіз','shop-all-the-beauty-products-jennifer-aniston-uses-to-look-ageless','Купуйте рутинку догляду за шкірою Дженніфер Еністон та фаворити краси та краси, від її вибору макіяжу \"ранкове шоу\" до \"ножа швейцарської армії продуктів для волосся\".\n\nЧитайте детальний огляд подій, аналіз та експертні коментарі.','Сторінка шоста може бути компенсована та/або отримувати партнерську комісію, якщо натиснути або купувати через наші посилання.Виявлені ціноутворення можуть змінюватися.\nМалюнок ідеально, справді.\nУ той час як Дженніфер Еністон давно захоплювала шанувальників та відомих людей, схожі на WI ... [9054 Chars]\n\n### Чому це важливо?\nЦя стаття розглядає ключові аспекти подій та їх вплив на різні сфери життя. Ви знайдете детальні роз’яснення, статистику та прогнози від провідних експертів.',2,'https://pagesix.com/wp-content/uploads/sites/3/2024/06/98929395.jpg?quality=75&strip=all&w=1024','2025-02-21 17:40:00','2025-02-22 04:45:43','2025-02-22 04:45:43'),(59,'Всередині події Black Beauty Club Black Beauty з Headliner JT | Останні новини та аналіз','inside-the-black-beauty-clubs-black-beauty-talks-event-with-headliner-jt','На панелі обговорювали еволюцію чорної краси, завдяки основним доповідачам.\n\nЧитайте детальний огляд подій, аналіз та експертні коментарі.','Чорний клуб краси, динамічний колектив, заснований Томі Талабі, святкує, підсилює та надає можливість краси, культури та творчості в чорній громаді.Зрештою, чорна красуня формує культуру, сприяє творчості та надихає покоління.A ... [2339 Chars]\n\n### Чому це важливо?\nЦя стаття розглядає ключові аспекти подій та їх вплив на різні сфери життя. Ви знайдете детальні роз’яснення, статистику та прогнози від провідних експертів.',2,'https://www.essence.com/wp-content/uploads/2025/02/2200489326-Cropped-1.jpg','2025-02-19 17:29:15','2025-02-22 04:45:43','2025-02-22 04:45:43'),(60,'Уна Хілі розкриває улюблений Lidl Beauty Dupe, і це 69 євро дешевше, ніж вірусний продукт Tiktok | Останні новини та аналіз','una-healy-reveals-favourite-lidl-beauty-dupe-and-its-eur69-cheaper-than-viral-tiktok-product-3','Уна Хілі розкрила свою улюблену Lidl Beauty Dupe, і це коштує на 69 євро менше, ніж вірусний продукт волосся Tiktok. Колишня зірка суботи стала\n\nЧитайте детальний огляд подій, аналіз та експертні коментарі.','Уна Хілі розкрила свою улюблену Lidl Beauty Dupe, і це коштує на 69 євро менше, ніж вірусний продукт волосся Tiktok.\nКолишня зірка суботи стала останнім шанувальником абсолютно нової лінійки розкішних продуктів краси та догляду за шкірою.\n3 ... [2989 Chars]\n\n### Чому це важливо?\nЦя стаття розглядає ключові аспекти подій та їх вплив на різні сфери життя. Ви знайдете детальні роз’яснення, статистику та прогнози від провідних експертів.',2,'https://www.thesun.ie/wp-content/uploads/sites/3/2025/02/newspress-collage-4av930e4k-1739912951756.jpg?1739912945&strip=all&quality=100&w=1920&h=1080&crop=1','2025-02-18 21:43:57','2025-02-22 04:45:43','2025-02-22 04:45:43'),(61,'Марки та Спенсер безкоштовно дарують догляд за доглядом за 100 фунтів стерлінгів як частина краси | Останні новини та аналіз','marks-and-spencer-is-giving-away-ps100-worth-of-premium-skincare-for-free-as-part-of-beauty-deal-3','Обмежене видання та Спенсер, зроблені для коробки краси ікони, упаковані з преміум -косметичними продуктами на суму понад 130 фунтів стерлінгів - і можуть бути вашим всього за 30 фунтів стерлінгів\n\nЧитайте детальний огляд подій, аналіз та експертні коментарі.','Ентузіасти краси можуть зафіксувати преміум -преміум -преміум -песувальні продукти від топ -брендів, таких як Clinique, Floral Street та L\'Occitane на Marks and Spencer цього тижня.\nРоздрібний продавець високої вулиці оприлюднив нову коробку краси, наповнену 130 фунтів стерлінгів ... [2717 Chars]\n\n### Чому це важливо?\nЦя стаття розглядає ключові аспекти подій та їх вплив на різні сфери життя. Ви знайдете детальні роз’яснення, статистику та прогнози від провідних експертів.',2,'https://i2-prod.birminghammail.co.uk/news/uk-news/article31027319.ece/ALTERNATES/s1200/0_Untitled-design-2025-02-17T084754684.jpg','2025-02-18 08:37:21','2025-02-22 04:45:43','2025-02-22 04:45:43'),(62,'Погляньте назад | Останні новини та аналіз','a-look-back-rihannas-most-iconic-beauty-moments','Від вірусних піксі до панк -романтичного макіяжу, погляньте на найпомітніші краси зірки на святкуванні її дня народження.\n\nЧитайте детальний огляд подій, аналіз та експертні коментарі.','Що не може зробити Ріанна?37 років тому сьогодні королева Барбадоса народилася, щоб взяти на себе музичну індустрію, прориваючись на сцену зі своїм гарячим синглом 2005 року \"Pon de Replay\".На сьогоднішній день вона виграла понад 175 нагород і вважається однією з топ -100 місяців часу ... [10522 Chars]\n\n### Чому це важливо?\nЦя стаття розглядає ключові аспекти подій та їх вплив на різні сфери життя. Ви знайдете детальні роз’яснення, статистику та прогнози від провідних експертів.',2,'https://www.essence.com/wp-content/uploads/2024/02/cropped-essence-legacy-512-32x32.png','2025-02-17 18:15:54','2025-02-22 04:45:43','2025-02-22 04:45:43'),(63,'Стандарт краси посилюється.Якою ціною? | Останні новини та аналіз','the-beauty-standard-is-intensifying-at-what-cost','Краса відіграє роль у формуванні можливостей жінок як в Інтернеті, так і в реальному світі, що змушує молодих жінок покладатися на все більш інтенсивні та дорогі практики та продукти.\n\nЧитайте детальний огляд подій, аналіз та експертні коментарі.','Інтернет збоїв із розмовою про красу та довжини, які ми підемо, щоб досягти її.Від недавньої трансформації Ліндсей Лохан до \"Нового вигляду\" Донателла Версаче, ті, хто з нас підключений до Інтернету, не можуть не допомогти, але переживати підйом кращого, менш виявленого ... [5182 chars]\n\n### Чому це важливо?\nЦя стаття розглядає ключові аспекти подій та їх вплив на різні сфери життя. Ви знайдете детальні роз’яснення, статистику та прогнози від провідних експертів.',2,'https://images.theconversation.com/files/648388/original/file-20250211-15-ofpkro.jpg?ixlib=rb-4.1.0&rect=438%2C482%2C5526%2C2763&q=45&auto=format&w=1356&h=668&fit=crop','2025-02-17 11:00:00','2025-02-22 04:45:43','2025-02-22 04:45:43'),(64,'Салон волосся та краси з «розслабляючим середовищем» відкривається в Ковентрі | Останні новини та аналіз','hair-and-beauty-salon-with-relaxing-environment-opens-in-coventry-3','Волосся та красу Seerat зараз відкриті на Бінлі -роуді\n\nЧитайте детальний огляд подій, аналіз та експертні коментарі.','Щось пішло не так, будь ласка, спробуйте пізніше.\nНедійсна електронна пошта щось пішло не так, будь ласка, спробуйте пізніше.\nНаші безкоштовні оновлення електронної пошти - найкращий спосіб отримати заголовки безпосередньо на вашу поштову скриньку\nЩось пішло не так, будь ласка, спробуйте пізніше.\nНаша безкоштовна електронна пошта ... [1491 chars]\n\n### Чому це важливо?\nЦя стаття розглядає ключові аспекти подій та їх вплив на різні сфери життя. Ви знайдете детальні роз’яснення, статистику та прогнози від провідних експертів.',2,'https://i2-prod.glasgowlive.co.uk/incoming/article13487933.ece/ALTERNATES/s1200/0_JS121250609.jpg','2025-02-15 03:25:00','2025-02-22 04:45:43','2025-02-22 04:45:43'),(65,'Зустріньте Октавію Морган: Трейлблейзер за першим престижним ароматом Ulta Beauty | Останні новини та аналіз','meet-octavia-morgan-the-trailblazer-behind-ulta-beautys-first-black-woman-owned-prestige-fragrance-2','Маючи досвід сестринської справи та пристрасть до чистої краси, Октавія Морган переосмислює індустрію ароматів - один новаторський аромат за один раз.\n\nЧитайте детальний огляд подій, аналіз та експертні коментарі.','Моя перша пам’ять про аромат - це Кароліна Еррера моєї матері - сильний, білий квітковий аромат, який був виразно її.\nХоча це не мій улюблений профіль аромату, це було моє вступ до сили запаху та важливість парфумів як частини B ... [4636 Chars]\n\n### Чому це важливо?\nЦя стаття розглядає ключові аспекти подій та їх вплив на різні сфери життя. Ви знайдете детальні роз’яснення, статистику та прогнози від провідних експертів.',2,'https://www.essence.com/wp-content/uploads/2025/02/Screen-Shot-2025-02-10-at-12.31.59-PM.png','2025-02-10 15:36:17','2025-02-22 04:45:43','2025-02-22 04:45:43'),(66,'Чи Білосніжки, спляча красуня, а маленька русалка зустрічається з одним принцом? | Останні новини та аналіз','are-snow-white-sleeping-beauty-and-the-little-mermaid-all-dating-the-same-prince','Якщо ми підемо суворо за версіями Діснея, більшість людей можуть сказати вам, що відповідні героїні маленької русалки, сплячої красуні та Білосніжки - це відповідно Аріель, Аврора та Білосніжка.Однак жорсткішим питанням дрібниці є назва своїх трьох князів.Як найновіший з групи з’являється ...\n\nЧитайте детальний огляд подій, аналіз та експертні коментарі.','Якщо ми підемо суворо за версіями Діснея, більшість людей можуть сказати вам, що відповідні героїні маленької русалки, сплячої красуні та Білосніжки - це відповідно Аріель, Аврора та Білосніжка.Однак жорсткіше дрібне питання - це NA ... [3077 chars]\n\n### Чому це важливо?\nЦя стаття розглядає ключові аспекти подій та їх вплив на різні сфери життя. Ви знайдете детальні роз’яснення, статистику та прогнози від провідних експертів.',2,'https://soranews24.com/wp-content/themes/rocketnews-en/img/pts_logo_300x300.png','2014-03-31 22:30:12','2025-02-22 04:45:43','2025-02-22 04:45:43');
/*!40101 SET @saved_cs_client     = @@character_set_client */;
/*!50503 SET character_set_client = utf8mb4 */;
CREATE TABLE `news_categories` (
  `id` bigint unsigned NOT NULL AUTO_INCREMENT,
  `name` varchar(255) COLLATE utf8mb4_unicode_ci NOT NULL,
  `created_at` timestamp NULL DEFAULT NULL,
  `updated_at` timestamp NULL DEFAULT NULL,
  PRIMARY KEY (`id`),
  UNIQUE KEY `news_categories_name_unique` (`name`)
) ENGINE=InnoDB AUTO_INCREMENT=4 DEFAULT CHARSET=utf8mb4 COLLATE=utf8mb4_unicode_ci;
/*!40101 SET character_set_client = @saved_cs_client */;
INSERT INTO `news_categories` VALUES (1,'Будівництво/Ремонт','2025-02-17 07:03:57','2025-02-17 07:03:57'),(2,'Краса','2025-02-17 07:03:57','2025-02-17 07:03:57'),(3,'Будівництво','2025-02-17 08:09:03','2025-02-17 08:09:03');
/*!40101 SET @saved_cs_client     = @@character_set_client */;
/*!50503 SET character_set_client = utf8mb4 */;
CREATE TABLE `orders` (
  `id` bigint unsigned NOT NULL AUTO_INCREMENT,
  `title` varchar(255) COLLATE utf8mb4_unicode_ci NOT NULL,
  `description` text COLLATE utf8mb4_unicode_ci NOT NULL,
  `category` enum('Строительство','Бьюти') COLLATE utf8mb4_unicode_ci NOT NULL,
  `user_id` bigint unsigned NOT NULL,
  `created_at` timestamp NULL DEFAULT NULL,
  `updated_at` timestamp NULL DEFAULT NULL,
  PRIMARY KEY (`id`),
  KEY `orders_user_id_foreign` (`user_id`),
  CONSTRAINT `orders_user_id_foreign` FOREIGN KEY (`user_id`) REFERENCES `users` (`id`) ON DELETE CASCADE
) ENGINE=InnoDB DEFAULT CHARSET=utf8mb4 COLLATE=utf8mb4_unicode_ci;
/*!40101 SET character_set_client = @saved_cs_client */;
/*!40101 SET @saved_cs_client     = @@character_set_client */;
/*!50503 SET character_set_client = utf8mb4 */;
CREATE TABLE `password_reset_tokens` (
  `email` varchar(255) COLLATE utf8mb4_unicode_ci NOT NULL,
  `token` varchar(255) COLLATE utf8mb4_unicode_ci NOT NULL,
  `created_at` timestamp NULL DEFAULT NULL,
  PRIMARY KEY (`email`)
) ENGINE=InnoDB DEFAULT CHARSET=utf8mb4 COLLATE=utf8mb4_unicode_ci;
/*!40101 SET character_set_client = @saved_cs_client */;
/*!40101 SET @saved_cs_client     = @@character_set_client */;
/*!50503 SET character_set_client = utf8mb4 */;
CREATE TABLE `personal_access_tokens` (
  `id` bigint unsigned NOT NULL AUTO_INCREMENT,
  `tokenable_type` varchar(255) COLLATE utf8mb4_unicode_ci NOT NULL,
  `tokenable_id` bigint unsigned NOT NULL,
  `name` varchar(255) COLLATE utf8mb4_unicode_ci NOT NULL,
  `token` varchar(64) COLLATE utf8mb4_unicode_ci NOT NULL,
  `abilities` text COLLATE utf8mb4_unicode_ci,
  `last_used_at` timestamp NULL DEFAULT NULL,
  `expires_at` timestamp NULL DEFAULT NULL,
  `created_at` timestamp NULL DEFAULT NULL,
  `updated_at` timestamp NULL DEFAULT NULL,
  PRIMARY KEY (`id`),
  UNIQUE KEY `personal_access_tokens_token_unique` (`token`),
  KEY `personal_access_tokens_tokenable_type_tokenable_id_index` (`tokenable_type`,`tokenable_id`)
) ENGINE=InnoDB DEFAULT CHARSET=utf8mb4 COLLATE=utf8mb4_unicode_ci;
/*!40101 SET character_set_client = @saved_cs_client */;
/*!40101 SET @saved_cs_client     = @@character_set_client */;
/*!50503 SET character_set_client = utf8mb4 */;
CREATE TABLE `services` (
  `id` bigint unsigned NOT NULL AUTO_INCREMENT,
  `services_category_id` bigint unsigned NOT NULL,
  `name` varchar(255) COLLATE utf8mb4_unicode_ci NOT NULL,
  `created_at` timestamp NULL DEFAULT NULL,
  `updated_at` timestamp NULL DEFAULT NULL,
  PRIMARY KEY (`id`),
  KEY `services_services_category_id_foreign` (`services_category_id`),
  CONSTRAINT `services_services_category_id_foreign` FOREIGN KEY (`services_category_id`) REFERENCES `services_category` (`id`) ON DELETE CASCADE
) ENGINE=InnoDB AUTO_INCREMENT=19 DEFAULT CHARSET=utf8mb4 COLLATE=utf8mb4_unicode_ci;
/*!40101 SET character_set_client = @saved_cs_client */;
INSERT INTO `services` VALUES (1,1,'Будівництво','2025-02-17 05:42:22','2025-02-17 05:42:22'),(2,1,'Ремонт','2025-02-17 05:42:22','2025-02-17 05:42:22'),(3,1,'Муж на годину','2025-02-17 05:42:22','2025-02-17 05:42:22'),(4,1,'Електромонтаж','2025-02-17 05:42:22','2025-02-17 05:42:22'),(5,1,'Сантехніка','2025-02-17 05:42:22','2025-02-17 05:42:22'),(6,1,'Укладка плитки','2025-02-17 05:42:22','2025-02-17 05:42:22'),(7,1,'Гіпсокартон','2025-02-17 05:42:22','2025-02-17 05:42:22'),(8,1,'Малярні роботи','2025-02-17 05:42:22','2025-02-17 05:42:22'),(9,2,'Перукар','2025-02-17 05:42:22','2025-02-17 05:42:22'),(10,2,'Манікюр','2025-02-17 05:42:22','2025-02-17 05:42:22'),(11,2,'Педикюр','2025-02-17 05:42:22','2025-02-17 05:42:22'),(12,2,'Ресниці','2025-02-17 05:42:22','2025-02-17 05:42:22'),(13,2,'Брови','2025-02-17 05:42:22','2025-02-17 05:42:22'),(14,2,'Татуаж','2025-02-17 05:42:22','2025-02-17 05:42:22'),(15,2,'Масаж','2025-02-17 05:42:22','2025-02-17 05:42:22'),(16,2,'Косметологія','2025-02-17 05:42:22','2025-02-17 05:42:22'),(17,2,'Чистка обличчя','2025-02-17 05:42:22','2025-02-17 05:42:22'),(18,2,'SPA-процедури','2025-02-17 05:42:22','2025-02-17 05:42:22');
/*!40101 SET @saved_cs_client     = @@character_set_client */;
/*!50503 SET character_set_client = utf8mb4 */;
CREATE TABLE `services_category` (
  `id` bigint unsigned NOT NULL AUTO_INCREMENT,
  `name` varchar(255) COLLATE utf8mb4_unicode_ci NOT NULL,
  `created_at` timestamp NULL DEFAULT NULL,
  `updated_at` timestamp NULL DEFAULT NULL,
  PRIMARY KEY (`id`),
  UNIQUE KEY `services_category_name_unique` (`name`)
) ENGINE=InnoDB AUTO_INCREMENT=3 DEFAULT CHARSET=utf8mb4 COLLATE=utf8mb4_unicode_ci;
/*!40101 SET character_set_client = @saved_cs_client */;
INSERT INTO `services_category` VALUES (1,'Будівництво/Ремонт','2025-02-17 05:42:22','2025-02-17 05:42:22'),(2,'Краса','2025-02-17 05:42:22','2025-02-17 05:42:22');
/*!40101 SET @saved_cs_client     = @@character_set_client */;
/*!50503 SET character_set_client = utf8mb4 */;
CREATE TABLE `sessions` (
  `id` varchar(255) COLLATE utf8mb4_unicode_ci NOT NULL,
  `user_id` bigint unsigned DEFAULT NULL,
  `ip_address` varchar(45) COLLATE utf8mb4_unicode_ci DEFAULT NULL,
  `user_agent` text COLLATE utf8mb4_unicode_ci,
  `payload` longtext COLLATE utf8mb4_unicode_ci NOT NULL,
  `last_activity` int NOT NULL,
  PRIMARY KEY (`id`),
  KEY `sessions_user_id_index` (`user_id`),
  KEY `sessions_last_activity_index` (`last_activity`)
) ENGINE=InnoDB DEFAULT CHARSET=utf8mb4 COLLATE=utf8mb4_unicode_ci;
/*!40101 SET character_set_client = @saved_cs_client */;
INSERT INTO `sessions` VALUES ('0jbCz6hUmrWorkfLBg37cBgCmjcwG6Q5VTXUjKxH',NULL,'127.0.0.1','Mozilla/5.0 (X11; Linux x86_64) AppleWebKit/537.36 (KHTML, like Gecko) Chrome/133.0.0.0 Safari/537.36 Edg/133.0.0.0','YTozOntzOjY6Il90b2tlbiI7czo0MDoicjNHbnBaaVZIT0tnSUNIVVNZZGlpZVpGMkJ1THI3NzdGTlJ6NTZMcyI7czo5OiJfcHJldmlvdXMiO2E6MTp7czozOiJ1cmwiO3M6MjY6Imh0dHA6Ly8xMjcuMC4wLjE6ODAwMC9uZXdzIjt9czo2OiJfZmxhc2giO2E6Mjp7czozOiJvbGQiO2E6MDp7fXM6MzoibmV3IjthOjA6e319fQ==',1740307142),('0nEVHf2Nz3R9X8UhiexYGsemCZwtEuFVC4CaBL8S',NULL,'127.0.0.1','Mozilla/5.0 (Linux; Android 14; K) AppleWebKit/537.36 (KHTML, like Gecko) Chrome/133.0.6943.121 Mobile Safari/537.36','YTozOntzOjY6Il90b2tlbiI7czo0MDoibkd1WU5KR0ljeVkzQUpob2E3TWtiVlU2d2dVTEVvSzlDTWFjOUZaUSI7czo5OiJfcHJldmlvdXMiO2E6MTp7czozOiJ1cmwiO3M6NDA6Imh0dHA6Ly81N2IzLTEwOS04Ny00OC0yMDkubmdyb2stZnJlZS5hcHAiO31zOjY6Il9mbGFzaCI7YToyOntzOjM6Im9sZCI7YTowOnt9czozOiJuZXciO2E6MDp7fX19',1740203440),('AqntNEl3wAZEsQgpvzmz4uGXOiMEQ329XvudTQrv',NULL,'127.0.0.1','Mozilla/5.0 (X11; Linux x86_64) AppleWebKit/537.36 (KHTML, like Gecko) Chrome/133.0.0.0 Safari/537.36 Edg/133.0.0.0','YTozOntzOjY6Il90b2tlbiI7czo0MDoiWFdreTdPVmJwZUtLNTNORnRlb1RzNkhSTWU3bHlEakM3aVkxZHQyZiI7czo5OiJfcHJldmlvdXMiO2E6MTp7czozOiJ1cmwiO3M6NDA6Imh0dHA6Ly81N2IzLTEwOS04Ny00OC0yMDkubmdyb2stZnJlZS5hcHAiO31zOjY6Il9mbGFzaCI7YToyOntzOjM6Im9sZCI7YTowOnt9czozOiJuZXciO2E6MDp7fX19',1740204036),('mc4FS21sHfb4V9UqfPttuqX2c3EcVwPLV8yBbKFJ',NULL,'127.0.0.1','Mozilla/5.0 (X11; Linux x86_64) AppleWebKit/537.36 (KHTML, like Gecko) Chrome/133.0.0.0 Safari/537.36 Edg/133.0.0.0','YTozOntzOjY6Il90b2tlbiI7czo0MDoiN0VwbUVjVWQxR1h1WnhJa2lhbGNObGVoZExjUXVrSFlheTI3NDVJdSI7czo5OiJfcHJldmlvdXMiO2E6MTp7czozOiJ1cmwiO3M6MjY6Imh0dHA6Ly8xMjcuMC4wLjE6ODAwMC9uZXdzIjt9czo2OiJfZmxhc2giO2E6Mjp7czozOiJvbGQiO2E6MDp7fXM6MzoibmV3IjthOjA6e319fQ==',1740252547),('mVyIUX2q4no6S55yPEj7QHtjdA4MOEU5rcNeEr2t',NULL,'127.0.0.1','Mozilla/5.0 (X11; Linux x86_64) AppleWebKit/537.36 (KHTML, like Gecko) Chrome/133.0.0.0 Safari/537.36 Edg/133.0.0.0','YTozOntzOjY6Il90b2tlbiI7czo0MDoiTXdRb0d3OHVZUm9SengwbENOZFBNMjF5NFRDZUtweG12QXR5NlhpNyI7czo5OiJfcHJldmlvdXMiO2E6MTp7czozOiJ1cmwiO3M6NDA6Imh0dHA6Ly81N2IzLTEwOS04Ny00OC0yMDkubmdyb2stZnJlZS5hcHAiO31zOjY6Il9mbGFzaCI7YToyOntzOjM6Im9sZCI7YTowOnt9czozOiJuZXciO2E6MDp7fX19',1740202959),('RwH26lxqiNT59xHtfaYskSRulBzoyh2tGLz4umBH',NULL,'127.0.0.1','TelegramBot (like TwitterBot)','YTozOntzOjY6Il90b2tlbiI7czo0MDoia0NtWEh3cmdwWjg4ZmV1eU9taUVGcE5panMzMTY1ZUgybU5OeXhZViI7czo5OiJfcHJldmlvdXMiO2E6MTp7czozOiJ1cmwiO3M6NDA6Imh0dHA6Ly81N2IzLTEwOS04Ny00OC0yMDkubmdyb2stZnJlZS5hcHAiO31zOjY6Il9mbGFzaCI7YToyOntzOjM6Im9sZCI7YTowOnt9czozOiJuZXciO2E6MDp7fX19',1740203081),('SCvfBs6xCWMzoJU9ZaR20j3YDiBAmeiZsjrdxEKi',NULL,'127.0.0.1','Mozilla/5.0 (X11; Linux x86_64) AppleWebKit/537.36 (KHTML, like Gecko) Chrome/133.0.0.0 Safari/537.36 Edg/133.0.0.0','YTozOntzOjY6Il90b2tlbiI7czo0MDoiTEpQTTVmbGlnMXFIVDZHYVZxaXlKMWFjZ05pSFNkSlp3bkF2cHQ1RCI7czo5OiJfcHJldmlvdXMiO2E6MTp7czozOiJ1cmwiO3M6OTM6Imh0dHA6Ly8xMjcuMC4wLjE6ODAwMC9uZXdzL3Nob3AtYWxsLXRoZS1iZWF1dHktcHJvZHVjdHMtamVubmlmZXItYW5pc3Rvbi11c2VzLXRvLWxvb2stYWdlbGVzcyI7fXM6NjoiX2ZsYXNoIjthOjI6e3M6Mzoib2xkIjthOjA6e31zOjM6Im5ldyI7YTowOnt9fX0=',1740208273),('yJJFGbbc0usN2PaUctfwCXNU9LiqbvZbFtEvSW3J',NULL,'127.0.0.1','Mozilla/5.0 (iPhone; CPU iPhone OS 15_8_3 like Mac OS X) AppleWebKit/605.1.15 (KHTML, like Gecko) Version/15.8.3 Mobile/19H386 Safari/604.1','YTozOntzOjY6Il90b2tlbiI7czo0MDoibTVBdWJ2Vk03UTZiRGNmeHhTZXBZYWR4MTllTXM2SFpxOEtIdWhDaSI7czo5OiJfcHJldmlvdXMiO2E6MTp7czozOiJ1cmwiO3M6NDA6Imh0dHA6Ly81N2IzLTEwOS04Ny00OC0yMDkubmdyb2stZnJlZS5hcHAiO31zOjY6Il9mbGFzaCI7YToyOntzOjM6Im9sZCI7YTowOnt9czozOiJuZXciO2E6MDp7fX19',1740205227),('Z6tze49GiAE7MTg6lRc0XOfrL5sEvm6EqBQNT5uK',NULL,'127.0.0.1','Mozilla/5.0 (X11; Linux x86_64) AppleWebKit/537.36 (KHTML, like Gecko) Chrome/133.0.0.0 Safari/537.36 Edg/133.0.0.0','YTozOntzOjY6Il90b2tlbiI7czo0MDoiUVJPNjZEN0p1MThkRXp0eU1iRXR4THo2czRua1BraHNOa0E5RUduayI7czo5OiJfcHJldmlvdXMiO2E6MTp7czozOiJ1cmwiO3M6MjE6Imh0dHA6Ly8xMjcuMC4wLjE6ODAwMCI7fXM6NjoiX2ZsYXNoIjthOjI6e3M6Mzoib2xkIjthOjA6e31zOjM6Im5ldyI7YTowOnt9fX0=',1740241791);
/*!40101 SET @saved_cs_client     = @@character_set_client */;
/*!50503 SET character_set_client = utf8mb4 */;
CREATE TABLE `skills` (
  `id` bigint unsigned NOT NULL AUTO_INCREMENT,
  `name` varchar(255) COLLATE utf8mb4_unicode_ci NOT NULL,
  `created_at` timestamp NULL DEFAULT NULL,
  `updated_at` timestamp NULL DEFAULT NULL,
  PRIMARY KEY (`id`)
) ENGINE=InnoDB DEFAULT CHARSET=utf8mb4 COLLATE=utf8mb4_unicode_ci;
/*!40101 SET character_set_client = @saved_cs_client */;
/*!40101 SET @saved_cs_client     = @@character_set_client */;
/*!50503 SET character_set_client = utf8mb4 */;
CREATE TABLE `users` (
  `id` bigint unsigned NOT NULL AUTO_INCREMENT,
  `name` varchar(255) COLLATE utf8mb4_unicode_ci NOT NULL,
  `email` varchar(255) COLLATE utf8mb4_unicode_ci NOT NULL,
  `phone` varchar(255) COLLATE utf8mb4_unicode_ci NOT NULL,
  `email_verified_at` timestamp NULL DEFAULT NULL,
  `password` varchar(255) COLLATE utf8mb4_unicode_ci NOT NULL,
  `two_factor_secret` text COLLATE utf8mb4_unicode_ci,
  `two_factor_recovery_codes` text COLLATE utf8mb4_unicode_ci,
  `two_factor_confirmed_at` timestamp NULL DEFAULT NULL,
  `remember_token` varchar(100) COLLATE utf8mb4_unicode_ci DEFAULT NULL,
  `current_team_id` bigint unsigned DEFAULT NULL,
  `city` varchar(255) COLLATE utf8mb4_unicode_ci DEFAULT NULL,
  `profile_photo_path` varchar(2048) COLLATE utf8mb4_unicode_ci DEFAULT NULL,
  `role` enum('customer','executor') COLLATE utf8mb4_unicode_ci NOT NULL DEFAULT 'customer',
  `company_name` varchar(255) COLLATE utf8mb4_unicode_ci DEFAULT NULL,
  `skills` text COLLATE utf8mb4_unicode_ci,
  `services_category` varchar(255) COLLATE utf8mb4_unicode_ci DEFAULT NULL,
  `services` json DEFAULT NULL,
  `rating` int NOT NULL DEFAULT '0',
  `created_at` timestamp NULL DEFAULT NULL,
  `updated_at` timestamp NULL DEFAULT NULL,
  `active_status` tinyint(1) NOT NULL DEFAULT '0',
  `avatar` varchar(255) COLLATE utf8mb4_unicode_ci NOT NULL DEFAULT 'default-avatar.webp',
  `dark_mode` tinyint(1) NOT NULL DEFAULT '0',
  `messenger_color` varchar(255) COLLATE utf8mb4_unicode_ci DEFAULT NULL,
  PRIMARY KEY (`id`),
  UNIQUE KEY `users_email_unique` (`email`),
  UNIQUE KEY `users_phone_unique` (`phone`)
) ENGINE=InnoDB AUTO_INCREMENT=6 DEFAULT CHARSET=utf8mb4 COLLATE=utf8mb4_unicode_ci;
/*!40101 SET character_set_client = @saved_cs_client */;
INSERT INTO `users` VALUES (1,'Ярослав Слащев','slasev903@gmail.com','380508499639','2025-02-17 05:42:19','$2y$12$oL9DckQrLhoYAhp7ZRnlvu1ZfjcQIXAJq.tUggBKP2mbwqbpMQ.Nu',NULL,NULL,NULL,NULL,NULL,'Харків',NULL,'executor',NULL,'Сантехнічні роботи, складські роботи','construction','[]',0,'2025-02-17 05:42:19','2025-02-17 05:42:19',0,'default-avatar.webp',0,NULL),(2,'Андрій Петренко','andrii.petrenko@example.com','380508499630','2025-02-17 05:42:19','$2y$12$AKNB1btTOG0wNWQIl99dP.YNgvv.ODbFgD/hZTPT4t4oZRUH7FC.y',NULL,NULL,NULL,NULL,NULL,'Київ',NULL,'executor',NULL,'Ремонт квартир, електромонтаж','construction','[\"ремонт\", \"електрика\"]',4,'2025-02-17 05:42:20','2025-02-17 05:42:20',0,'default-avatar.webp',0,NULL),(3,'Марія Іваненко','maria.ivanenko@example.com','380508499631','2025-02-17 05:42:20','$2y$12$CSTKtPBJGbffcoC42eKcyOSw1acEw8dFEd3oEifsd7nBbWBNb8fsi',NULL,NULL,NULL,NULL,NULL,'Одеса',NULL,'customer','Будівельна компанія \"Мрія\"',NULL,'construction','[]',5,'2025-02-17 05:42:20','2025-02-17 05:42:20',0,'default-avatar.webp',0,NULL),(4,'Ігор Савченко','igor.savchenko@example.com','380508499632','2025-02-17 05:42:20','$2y$12$VuJw9A1oMYKydhxfhkCD8OV1bwItlMWvWeArvqDWuPfBWDmEL0gmy',NULL,NULL,NULL,NULL,NULL,'Львів',NULL,'executor',NULL,'Водопостачання, монтаж опалення','plumbing','[\"монтаж труб\", \"установка котлів\"]',3,'2025-02-17 05:42:21','2025-02-17 05:42:21',0,'default-avatar.webp',0,NULL),(5,'Олена Ковальчук','olena.kovalchuk@example.com','380508499634','2025-02-17 05:42:21','$2y$12$iFF7sFpGU6eIsKPXhQZMquU00l975vXabrt304ZGNi8hIjJfH7akC',NULL,NULL,NULL,NULL,NULL,'Дніпро',NULL,'customer','ТОВ \"Ремонт Плюс\"',NULL,'renovation','[]',4,'2025-02-17 05:42:21','2025-02-17 05:42:21',0,'default-avatar.webp',0,NULL);
